,Date,State,Positive_Cases
0,02/28/2020,Washington,9.0
1,02/29/2020,Washington,18.0
2,03/01/2020,Michigan,9.0
3,03/01/2020,Rhode Island,1.0
4,03/01/2020,Washington,30.0
5,03/02/2020,Michigan,18.0
6,03/02/2020,Rhode Island,1.0
7,03/02/2020,Washington,34.0
8,03/03/2020,Michigan,34.0
9,03/03/2020,Rhode Island,2.0
10,03/03/2020,Washington,58.0
11,03/04/2020,Arizona,2.0
12,03/04/2020,California,53.0
13,03/04/2020,Florida,2.0
14,03/04/2020,Georgia,2.0
15,03/04/2020,Illinois,4.0
16,03/04/2020,Massachusetts,2.0
17,03/04/2020,Michigan,52.0
18,03/04/2020,North Carolina,1.0
19,03/04/2020,New Hampshire,2.0
20,03/04/2020,New York,6.0
21,03/04/2020,Oregon,3.0
22,03/04/2020,Rhode Island,2.0
23,03/04/2020,South Carolina,0.0
24,03/04/2020,Texas,1.0
25,03/04/2020,Washington,76.0
26,03/04/2020,Wisconsin,1.0
27,03/05/2020,Arizona,2.0
28,03/05/2020,California,53.0
29,03/05/2020,Colorado,0.0
30,03/05/2020,District of Columbia,0.0
31,03/05/2020,Florida,9.0
32,03/05/2020,Georgia,2.0
33,03/05/2020,Illinois,5.0
34,03/05/2020,Massachusetts,2.0
35,03/05/2020,Maryland,0.0
36,03/05/2020,Michigan,72.0
37,03/05/2020,North Carolina,1.0
38,03/05/2020,Nebraska,0.0
39,03/05/2020,New Hampshire,2.0
40,03/05/2020,New Jersey,1.0
41,03/05/2020,Nevada,1.0
42,03/05/2020,New York,22.0
43,03/05/2020,Ohio,0.0
44,03/05/2020,Oregon,3.0
45,03/05/2020,Rhode Island,2.0
46,03/05/2020,South Carolina,0.0
47,03/05/2020,Tennessee,1.0
48,03/05/2020,Texas,1.0
49,03/05/2020,Virginia,0.0
50,03/05/2020,Washington,96.0
51,03/05/2020,Wisconsin,1.0
52,03/06/2020,Alaska,0.0
53,03/06/2020,Arkansas,0.0
54,03/06/2020,Arizona,3.0
55,03/06/2020,California,60.0
56,03/06/2020,Colorado,2.0
57,03/06/2020,District of Columbia,0.0
58,03/06/2020,Delaware,0.0
59,03/06/2020,Florida,9.0
60,03/06/2020,Georgia,2.0
61,03/06/2020,Iowa,0.0
62,03/06/2020,Illinois,5.0
63,03/06/2020,Indiana,1.0
64,03/06/2020,Kansas,0.0
65,03/06/2020,Kentucky,0.0
66,03/06/2020,Massachusetts,8.0
67,03/06/2020,Maryland,3.0
68,03/06/2020,Michigan,98.0
69,03/06/2020,Minnesota,0.0
70,03/06/2020,North Carolina,2.0
71,03/06/2020,Nebraska,0.0
72,03/06/2020,New Hampshire,2.0
73,03/06/2020,New Jersey,1.0
74,03/06/2020,New Mexico,0.0
75,03/06/2020,Nevada,1.0
76,03/06/2020,New York,33.0
77,03/06/2020,Ohio,0.0
78,03/06/2020,Oregon,3.0
79,03/06/2020,Pennsylvania,2.0
80,03/06/2020,Rhode Island,3.0
81,03/06/2020,South Carolina,0.0
82,03/06/2020,Tennessee,1.0
83,03/06/2020,Texas,5.0
84,03/06/2020,Virginia,0.0
85,03/06/2020,Vermont,0.0
86,03/06/2020,Washington,149.0
87,03/06/2020,Wisconsin,1.0
88,03/06/2020,West Virginia,0.0
89,03/07/2020,Alaska,0.0
90,03/07/2020,Alabama,0.0
91,03/07/2020,Arkansas,0.0
92,03/07/2020,Arizona,5.0
93,03/07/2020,California,69.0
94,03/07/2020,Colorado,8.0
95,03/07/2020,Connecticut,0.0
96,03/07/2020,District of Columbia,0.0
97,03/07/2020,Delaware,0.0
98,03/07/2020,Florida,14.0
99,03/07/2020,Georgia,6.0
100,03/07/2020,Hawaii,1.0
101,03/07/2020,Iowa,0.0
102,03/07/2020,Idaho,0.0
103,03/07/2020,Illinois,6.0
104,03/07/2020,Indiana,1.0
105,03/07/2020,Kansas,0.0
106,03/07/2020,Kentucky,1.0
107,03/07/2020,Louisiana,0.0
108,03/07/2020,Massachusetts,13.0
109,03/07/2020,Maryland,3.0
110,03/07/2020,Maine,0.0
111,03/07/2020,Michigan,128.0
112,03/07/2020,Minnesota,1.0
113,03/07/2020,Missouri,0.0
114,03/07/2020,Mississippi,0.0
115,03/07/2020,Montana,0.0
116,03/07/2020,North Carolina,2.0
117,03/07/2020,North Dakota,0.0
118,03/07/2020,Nebraska,1.0
119,03/07/2020,New Hampshire,2.0
120,03/07/2020,New Jersey,4.0
121,03/07/2020,New Mexico,0.0
122,03/07/2020,Nevada,1.0
123,03/07/2020,New York,76.0
124,03/07/2020,Ohio,0.0
125,03/07/2020,Oklahoma,1.0
126,03/07/2020,Oregon,7.0
127,03/07/2020,Pennsylvania,4.0
128,03/07/2020,Rhode Island,2.0
129,03/07/2020,South Carolina,2.0
130,03/07/2020,South Dakota,0.0
131,03/07/2020,Tennessee,1.0
132,03/07/2020,Texas,8.0
133,03/07/2020,Utah,1.0
134,03/07/2020,Virginia,0.0
135,03/07/2020,Vermont,0.0
136,03/07/2020,Washington,181.0
137,03/07/2020,Wisconsin,1.0
138,03/07/2020,West Virginia,0.0
139,03/07/2020,Wyoming,0.0
140,03/08/2020,Alaska,0.0
141,03/08/2020,Alabama,0.0
142,03/08/2020,Arkansas,0.0
143,03/08/2020,Arizona,5.0
144,03/08/2020,California,88.0
145,03/08/2020,Colorado,8.0
146,03/08/2020,Connecticut,1.0
147,03/08/2020,District of Columbia,1.0
148,03/08/2020,Delaware,0.0
149,03/08/2020,Florida,17.0
150,03/08/2020,Georgia,7.0
151,03/08/2020,Hawaii,1.0
152,03/08/2020,Iowa,0.0
153,03/08/2020,Idaho,0.0
154,03/08/2020,Illinois,6.0
155,03/08/2020,Indiana,2.0
156,03/08/2020,Kansas,1.0
157,03/08/2020,Kentucky,1.0
158,03/08/2020,Louisiana,0.0
159,03/08/2020,Massachusetts,13.0
160,03/08/2020,Maryland,3.0
161,03/08/2020,Maine,0.0
162,03/08/2020,Michigan,168.0
163,03/08/2020,Minnesota,1.0
164,03/08/2020,Missouri,1.0
165,03/08/2020,Mississippi,0.0
166,03/08/2020,Montana,0.0
167,03/08/2020,North Carolina,2.0
168,03/08/2020,North Dakota,0.0
169,03/08/2020,Nebraska,1.0
170,03/08/2020,New Hampshire,4.0
171,03/08/2020,New Jersey,6.0
172,03/08/2020,New Mexico,0.0
173,03/08/2020,Nevada,1.0
174,03/08/2020,New York,105.0
175,03/08/2020,Ohio,0.0
176,03/08/2020,Oklahoma,1.0
177,03/08/2020,Oregon,14.0
178,03/08/2020,Pennsylvania,6.0
179,03/08/2020,Rhode Island,3.0
180,03/08/2020,South Carolina,2.0
181,03/08/2020,South Dakota,0.0
182,03/08/2020,Tennessee,3.0
183,03/08/2020,Texas,8.0
184,03/08/2020,Utah,1.0
185,03/08/2020,Virginia,2.0
186,03/08/2020,Vermont,1.0
187,03/08/2020,Washington,246.0
188,03/08/2020,Wisconsin,1.0
189,03/08/2020,West Virginia,0.0
190,03/08/2020,Wyoming,0.0
191,03/09/2020,Alaska,0.0
192,03/09/2020,Alabama,0.0
193,03/09/2020,Arkansas,0.0
194,03/09/2020,Arizona,5.0
195,03/09/2020,California,114.0
196,03/09/2020,Colorado,9.0
197,03/09/2020,Connecticut,1.0
198,03/09/2020,District of Columbia,1.0
199,03/09/2020,Delaware,0.0
200,03/09/2020,Florida,18.0
201,03/09/2020,Georgia,12.0
202,03/09/2020,Hawaii,2.0
203,03/09/2020,Iowa,3.0
204,03/09/2020,Idaho,0.0
205,03/09/2020,Illinois,7.0
206,03/09/2020,Indiana,2.0
207,03/09/2020,Kansas,1.0
208,03/09/2020,Kentucky,4.0
209,03/09/2020,Louisiana,1.0
210,03/09/2020,Massachusetts,41.0
211,03/09/2020,Maryland,5.0
212,03/09/2020,Maine,0.0
213,03/09/2020,Michigan,254.0
214,03/09/2020,Minnesota,2.0
215,03/09/2020,Missouri,1.0
216,03/09/2020,Mississippi,0.0
217,03/09/2020,Montana,0.0
218,03/09/2020,North Carolina,2.0
219,03/09/2020,North Dakota,0.0
220,03/09/2020,Nebraska,3.0
221,03/09/2020,New Hampshire,4.0
222,03/09/2020,New Jersey,11.0
223,03/09/2020,New Mexico,0.0
224,03/09/2020,Nevada,1.0
225,03/09/2020,New York,142.0
226,03/09/2020,Ohio,3.0
227,03/09/2020,Oklahoma,1.0
228,03/09/2020,Oregon,14.0
229,03/09/2020,Pennsylvania,10.0
230,03/09/2020,Rhode Island,3.0
231,03/09/2020,South Carolina,7.0
232,03/09/2020,South Dakota,0.0
233,03/09/2020,Tennessee,3.0
234,03/09/2020,Texas,12.0
235,03/09/2020,Utah,1.0
236,03/09/2020,Virginia,3.0
237,03/09/2020,Vermont,1.0
238,03/09/2020,Washington,343.0
239,03/09/2020,Wisconsin,1.0
240,03/09/2020,West Virginia,0.0
241,03/09/2020,Wyoming,0.0
242,03/10/2020,Alaska,0.0
243,03/10/2020,Alabama,0.0
244,03/10/2020,Arkansas,0.0
245,03/10/2020,Arizona,6.0
246,03/10/2020,California,133.0
247,03/10/2020,Colorado,12.0
248,03/10/2020,Connecticut,2.0
249,03/10/2020,District of Columbia,5.0
250,03/10/2020,Delaware,0.0
251,03/10/2020,Florida,19.0
252,03/10/2020,Georgia,17.0
253,03/10/2020,Hawaii,2.0
254,03/10/2020,Iowa,8.0
255,03/10/2020,Idaho,0.0
256,03/10/2020,Illinois,19.0
257,03/10/2020,Indiana,6.0
258,03/10/2020,Kansas,1.0
259,03/10/2020,Kentucky,6.0
260,03/10/2020,Louisiana,1.0
261,03/10/2020,Massachusetts,92.0
262,03/10/2020,Maryland,6.0
263,03/10/2020,Maine,0.0
264,03/10/2020,Michigan,358.0
265,03/10/2020,Minnesota,3.0
266,03/10/2020,Missouri,1.0
267,03/10/2020,Mississippi,0.0
268,03/10/2020,Montana,0.0
269,03/10/2020,North Carolina,7.0
270,03/10/2020,North Dakota,0.0
271,03/10/2020,Nebraska,3.0
272,03/10/2020,New Hampshire,4.0
273,03/10/2020,New Jersey,15.0
274,03/10/2020,New Mexico,0.0
275,03/10/2020,Nevada,1.0
276,03/10/2020,New York,173.0
277,03/10/2020,Ohio,3.0
278,03/10/2020,Oklahoma,2.0
279,03/10/2020,Oregon,15.0
280,03/10/2020,Pennsylvania,12.0
281,03/10/2020,Rhode Island,3.0
282,03/10/2020,South Carolina,7.0
283,03/10/2020,South Dakota,0.0
284,03/10/2020,Tennessee,7.0
285,03/10/2020,Texas,13.0
286,03/10/2020,Utah,2.0
287,03/10/2020,Virginia,8.0
288,03/10/2020,Vermont,1.0
289,03/10/2020,Washington,390.0
290,03/10/2020,Wisconsin,2.0
291,03/10/2020,West Virginia,0.0
292,03/10/2020,Wyoming,0.0
293,03/11/2020,Alaska,0.0
294,03/11/2020,Alabama,0.0
295,03/11/2020,Arkansas,0.0
296,03/11/2020,Arizona,9.0
297,03/11/2020,California,157.0
298,03/11/2020,Colorado,28.0
299,03/11/2020,Connecticut,3.0
300,03/11/2020,District of Columbia,5.0
301,03/11/2020,Delaware,1.0
302,03/11/2020,Florida,28.0
303,03/11/2020,Georgia,22.0
304,03/11/2020,Hawaii,2.0
305,03/11/2020,Iowa,13.0
306,03/11/2020,Idaho,0.0
307,03/11/2020,Illinois,19.0
308,03/11/2020,Indiana,10.0
309,03/11/2020,Kansas,1.0
310,03/11/2020,Kentucky,8.0
311,03/11/2020,Louisiana,6.0
312,03/11/2020,Massachusetts,92.0
313,03/11/2020,Maryland,9.0
314,03/11/2020,Maine,0.0
315,03/11/2020,Michigan,497.0
316,03/11/2020,Minnesota,5.0
317,03/11/2020,Missouri,1.0
318,03/11/2020,Mississippi,0.0
319,03/11/2020,Montana,0.0
320,03/11/2020,North Carolina,7.0
321,03/11/2020,North Dakota,0.0
322,03/11/2020,Nebraska,5.0
323,03/11/2020,New Hampshire,4.0
324,03/11/2020,New Jersey,24.0
325,03/11/2020,New Mexico,3.0
326,03/11/2020,Nevada,5.0
327,03/11/2020,New York,216.0
328,03/11/2020,Ohio,4.0
329,03/11/2020,Oklahoma,2.0
330,03/11/2020,Oregon,19.0
331,03/11/2020,Pennsylvania,16.0
332,03/11/2020,Rhode Island,5.0
333,03/11/2020,South Carolina,9.0
334,03/11/2020,South Dakota,5.0
335,03/11/2020,Tennessee,7.0
336,03/11/2020,Texas,21.0
337,03/11/2020,Utah,2.0
338,03/11/2020,Virginia,9.0
339,03/11/2020,Vermont,1.0
340,03/11/2020,Washington,474.0
341,03/11/2020,Wisconsin,3.0
342,03/11/2020,West Virginia,0.0
343,03/11/2020,Wyoming,0.0
344,03/12/2020,Alaska,0.0
345,03/12/2020,Alabama,0.0
346,03/12/2020,Arkansas,6.0
347,03/12/2020,Arizona,9.0
348,03/12/2020,California,202.0
349,03/12/2020,Colorado,45.0
350,03/12/2020,Connecticut,6.0
351,03/12/2020,District of Columbia,10.0
352,03/12/2020,Delaware,4.0
353,03/12/2020,Florida,32.0
354,03/12/2020,Georgia,31.0
355,03/12/2020,Hawaii,2.0
356,03/12/2020,Iowa,14.0
357,03/12/2020,Idaho,0.0
358,03/12/2020,Illinois,25.0
359,03/12/2020,Indiana,12.0
360,03/12/2020,Kansas,4.0
361,03/12/2020,Kentucky,8.0
362,03/12/2020,Louisiana,14.0
363,03/12/2020,Massachusetts,95.0
364,03/12/2020,Maryland,12.0
365,03/12/2020,Maine,1.0
366,03/12/2020,Michigan,702.0
367,03/12/2020,Minnesota,9.0
368,03/12/2020,Missouri,1.0
369,03/12/2020,Mississippi,1.0
370,03/12/2020,Montana,1.0
371,03/12/2020,North Carolina,12.0
372,03/12/2020,North Dakota,1.0
373,03/12/2020,Nebraska,10.0
374,03/12/2020,New Hampshire,6.0
375,03/12/2020,New Jersey,30.0
376,03/12/2020,New Mexico,5.0
377,03/12/2020,Nevada,7.0
378,03/12/2020,New York,216.0
379,03/12/2020,Ohio,5.0
380,03/12/2020,Oklahoma,3.0
381,03/12/2020,Oregon,19.0
382,03/12/2020,Pennsylvania,22.0
383,03/12/2020,Rhode Island,5.0
384,03/12/2020,South Carolina,10.0
385,03/12/2020,South Dakota,8.0
386,03/12/2020,Tennessee,18.0
387,03/12/2020,Texas,23.0
388,03/12/2020,Utah,4.0
389,03/12/2020,Virginia,17.0
390,03/12/2020,Vermont,2.0
391,03/12/2020,Washington,543.0
392,03/12/2020,Wisconsin,8.0
393,03/12/2020,West Virginia,0.0
394,03/12/2020,Wyoming,1.0
395,03/13/2020,Alaska,1.0
396,03/13/2020,Alabama,1.0
397,03/13/2020,Arkansas,9.0
398,03/13/2020,Arizona,9.0
399,03/13/2020,California,202.0
400,03/13/2020,Colorado,72.0
401,03/13/2020,Connecticut,6.0
402,03/13/2020,District of Columbia,10.0
403,03/13/2020,Delaware,4.0
404,03/13/2020,Florida,50.0
405,03/13/2020,Georgia,42.0
406,03/13/2020,Hawaii,2.0
407,03/13/2020,Iowa,16.0
408,03/13/2020,Idaho,0.0
409,03/13/2020,Illinois,32.0
410,03/13/2020,Indiana,12.0
411,03/13/2020,Kansas,6.0
412,03/13/2020,Kentucky,11.0
413,03/13/2020,Louisiana,36.0
414,03/13/2020,Massachusetts,123.0
415,03/13/2020,Maryland,17.0
416,03/13/2020,Maine,3.0
417,03/13/2020,Michigan,945.0
418,03/13/2020,Minnesota,14.0
419,03/13/2020,Missouri,2.0
420,03/13/2020,Mississippi,4.0
421,03/13/2020,Montana,1.0
422,03/13/2020,North Carolina,15.0
423,03/13/2020,North Dakota,1.0
424,03/13/2020,Nebraska,13.0
425,03/13/2020,New Hampshire,6.0
426,03/13/2020,New Jersey,50.0
427,03/13/2020,New Mexico,10.0
428,03/13/2020,Nevada,11.0
429,03/13/2020,New York,421.0
430,03/13/2020,Ohio,13.0
431,03/13/2020,Oklahoma,3.0
432,03/13/2020,Oregon,30.0
433,03/13/2020,Pennsylvania,41.0
434,03/13/2020,Rhode Island,14.0
435,03/13/2020,South Carolina,12.0
436,03/13/2020,South Dakota,9.0
437,03/13/2020,Tennessee,26.0
438,03/13/2020,Texas,39.0
439,03/13/2020,Utah,6.0
440,03/13/2020,Virginia,30.0
441,03/13/2020,Vermont,2.0
442,03/13/2020,Washington,693.0
443,03/13/2020,Wisconsin,19.0
444,03/13/2020,West Virginia,0.0
445,03/13/2020,Wyoming,1.0
446,03/14/2020,Alaska,1.0
447,03/14/2020,Alabama,6.0
448,03/14/2020,Arkansas,12.0
449,03/14/2020,Arizona,12.0
450,03/14/2020,California,252.0
451,03/14/2020,Colorado,101.0
452,03/14/2020,Connecticut,11.0
453,03/14/2020,District of Columbia,10.0
454,03/14/2020,Delaware,6.0
455,03/14/2020,Florida,77.0
456,03/14/2020,Georgia,66.0
457,03/14/2020,Hawaii,2.0
458,03/14/2020,Iowa,17.0
459,03/14/2020,Idaho,2.0
460,03/14/2020,Illinois,46.0
461,03/14/2020,Indiana,15.0
462,03/14/2020,Kansas,6.0
463,03/14/2020,Kentucky,14.0
464,03/14/2020,Louisiana,69.0
465,03/14/2020,Massachusetts,138.0
466,03/14/2020,Maryland,26.0
467,03/14/2020,Maine,3.0
468,03/14/2020,Michigan,1196.0
469,03/14/2020,Minnesota,21.0
470,03/14/2020,Missouri,4.0
471,03/14/2020,Mississippi,6.0
472,03/14/2020,Montana,5.0
473,03/14/2020,North Carolina,23.0
474,03/14/2020,North Dakota,1.0
475,03/14/2020,Nebraska,14.0
476,03/14/2020,New Hampshire,7.0
477,03/14/2020,New Jersey,50.0
478,03/14/2020,New Mexico,10.0
479,03/14/2020,Nevada,20.0
480,03/14/2020,New York,524.0
481,03/14/2020,Ohio,13.0
482,03/14/2020,Oklahoma,4.0
483,03/14/2020,Oregon,30.0
484,03/14/2020,Pennsylvania,47.0
485,03/14/2020,Rhode Island,20.0
486,03/14/2020,South Carolina,13.0
487,03/14/2020,South Dakota,9.0
488,03/14/2020,Tennessee,32.0
489,03/14/2020,Texas,51.0
490,03/14/2020,Utah,6.0
491,03/14/2020,Virginia,30.0
492,03/14/2020,Vermont,4.0
493,03/14/2020,Washington,793.0
494,03/14/2020,Wisconsin,19.0
495,03/14/2020,West Virginia,0.0
496,03/14/2020,Wyoming,2.0
497,03/15/2020,Alaska,1.0
498,03/15/2020,Alabama,12.0
499,03/15/2020,Arkansas,16.0
500,03/15/2020,Arizona,12.0
501,03/15/2020,California,293.0
502,03/15/2020,Colorado,131.0
503,03/15/2020,Connecticut,20.0
504,03/15/2020,District of Columbia,16.0
505,03/15/2020,Delaware,6.0
506,03/15/2020,Florida,116.0
507,03/15/2020,Georgia,99.0
508,03/15/2020,Hawaii,2.0
509,03/15/2020,Iowa,18.0
510,03/15/2020,Idaho,5.0
511,03/15/2020,Illinois,64.0
512,03/15/2020,Indiana,19.0
513,03/15/2020,Kansas,8.0
514,03/15/2020,Kentucky,16.0
515,03/15/2020,Louisiana,91.0
516,03/15/2020,Massachusetts,138.0
517,03/15/2020,Maryland,31.0
518,03/15/2020,Maine,3.0
519,03/15/2020,Michigan,1480.0
520,03/15/2020,Minnesota,35.0
521,03/15/2020,Missouri,5.0
522,03/15/2020,Mississippi,10.0
523,03/15/2020,Montana,7.0
524,03/15/2020,North Carolina,32.0
525,03/15/2020,North Dakota,1.0
526,03/15/2020,Nebraska,17.0
527,03/15/2020,New Hampshire,13.0
528,03/15/2020,New Jersey,98.0
529,03/15/2020,New Mexico,13.0
530,03/15/2020,Nevada,21.0
531,03/15/2020,New York,729.0
532,03/15/2020,Ohio,36.0
533,03/15/2020,Oklahoma,9.0
534,03/15/2020,Oregon,36.0
535,03/15/2020,Pennsylvania,63.0
536,03/15/2020,Rhode Island,20.0
537,03/15/2020,South Carolina,19.0
538,03/15/2020,South Dakota,9.0
539,03/15/2020,Tennessee,39.0
540,03/15/2020,Texas,56.0
541,03/15/2020,Utah,28.0
542,03/15/2020,Virginia,45.0
543,03/15/2020,Vermont,4.0
544,03/15/2020,Washington,924.0
545,03/15/2020,Wisconsin,33.0
546,03/15/2020,West Virginia,0.0
547,03/15/2020,Wyoming,3.0
548,03/16/2020,Alaska,1.0
549,03/16/2020,Alabama,28.0
550,03/16/2020,Arkansas,22.0
551,03/16/2020,American Samoa,0.0
552,03/16/2020,Arizona,18.0
553,03/16/2020,California,335.0
554,03/16/2020,Colorado,131.0
555,03/16/2020,Connecticut,26.0
556,03/16/2020,District of Columbia,17.0
557,03/16/2020,Delaware,8.0
558,03/16/2020,Florida,141.0
559,03/16/2020,Georgia,121.0
560,03/16/2020,Guam,3.0
561,03/16/2020,Hawaii,7.0
562,03/16/2020,Iowa,22.0
563,03/16/2020,Idaho,5.0
564,03/16/2020,Illinois,93.0
565,03/16/2020,Indiana,24.0
566,03/16/2020,Kansas,11.0
567,03/16/2020,Kentucky,21.0
568,03/16/2020,Louisiana,114.0
569,03/16/2020,Massachusetts,164.0
570,03/16/2020,Maryland,37.0
571,03/16/2020,Maine,17.0
572,03/16/2020,Michigan,1933.0
573,03/16/2020,Minnesota,54.0
574,03/16/2020,Missouri,6.0
575,03/16/2020,Northern Mariana Islands,0.0
576,03/16/2020,Mississippi,12.0
577,03/16/2020,Montana,7.0
578,03/16/2020,North Carolina,33.0
579,03/16/2020,North Dakota,1.0
580,03/16/2020,Nebraska,18.0
581,03/16/2020,New Hampshire,13.0
582,03/16/2020,New Jersey,178.0
583,03/16/2020,New Mexico,17.0
584,03/16/2020,Nevada,45.0
585,03/16/2020,New York,950.0
586,03/16/2020,Ohio,50.0
587,03/16/2020,Oklahoma,10.0
588,03/16/2020,Oregon,39.0
589,03/16/2020,Pennsylvania,76.0
590,03/16/2020,Puerto Rico,5.0
591,03/16/2020,Rhode Island,21.0
592,03/16/2020,South Carolina,28.0
593,03/16/2020,South Dakota,10.0
594,03/16/2020,Tennessee,52.0
595,03/16/2020,Texas,57.0
596,03/16/2020,Utah,39.0
597,03/16/2020,Virginia,51.0
598,03/16/2020,Virgin Islands,1.0
599,03/16/2020,Vermont,8.0
600,03/16/2020,Washington,1052.0
601,03/16/2020,Wisconsin,47.0
602,03/16/2020,West Virginia,0.0
603,03/16/2020,Wyoming,3.0
604,03/17/2020,Alaska,3.0
605,03/17/2020,Alabama,36.0
606,03/17/2020,Arkansas,22.0
607,03/17/2020,American Samoa,0.0
608,03/17/2020,Arizona,20.0
609,03/17/2020,California,483.0
610,03/17/2020,Colorado,160.0
611,03/17/2020,Connecticut,41.0
612,03/17/2020,District of Columbia,22.0
613,03/17/2020,Delaware,16.0
614,03/17/2020,Florida,186.0
615,03/17/2020,Georgia,146.0
616,03/17/2020,Guam,5.0
617,03/17/2020,Hawaii,10.0
618,03/17/2020,Iowa,23.0
619,03/17/2020,Idaho,7.0
620,03/17/2020,Illinois,159.0
621,03/17/2020,Indiana,30.0
622,03/17/2020,Kansas,15.0
623,03/17/2020,Kentucky,22.0
624,03/17/2020,Louisiana,171.0
625,03/17/2020,Massachusetts,218.0
626,03/17/2020,Maryland,57.0
627,03/17/2020,Maine,32.0
628,03/17/2020,Michigan,2393.0
629,03/17/2020,Minnesota,60.0
630,03/17/2020,Missouri,8.0
631,03/17/2020,Northern Mariana Islands,0.0
632,03/17/2020,Mississippi,21.0
633,03/17/2020,Montana,8.0
634,03/17/2020,North Carolina,40.0
635,03/17/2020,North Dakota,3.0
636,03/17/2020,Nebraska,21.0
637,03/17/2020,New Hampshire,17.0
638,03/17/2020,New Jersey,267.0
639,03/17/2020,New Mexico,23.0
640,03/17/2020,Nevada,55.0
641,03/17/2020,New York,1700.0
642,03/17/2020,Ohio,67.0
643,03/17/2020,Oklahoma,17.0
644,03/17/2020,Oregon,47.0
645,03/17/2020,Pennsylvania,96.0
646,03/17/2020,Puerto Rico,5.0
647,03/17/2020,Rhode Island,23.0
648,03/17/2020,South Carolina,33.0
649,03/17/2020,South Dakota,11.0
650,03/17/2020,Tennessee,73.0
651,03/17/2020,Texas,64.0
652,03/17/2020,Utah,51.0
653,03/17/2020,Virginia,67.0
654,03/17/2020,Virgin Islands,2.0
655,03/17/2020,Vermont,10.0
656,03/17/2020,Washington,1218.0
657,03/17/2020,Wisconsin,72.0
658,03/17/2020,West Virginia,0.0
659,03/17/2020,Wyoming,10.0
660,03/18/2020,Alaska,6.0
661,03/18/2020,Alabama,46.0
662,03/18/2020,Arkansas,33.0
663,03/18/2020,American Samoa,0.0
664,03/18/2020,Arizona,28.0
665,03/18/2020,California,611.0
666,03/18/2020,Colorado,183.0
667,03/18/2020,Connecticut,68.0
668,03/18/2020,District of Columbia,31.0
669,03/18/2020,Delaware,25.0
670,03/18/2020,Florida,314.0
671,03/18/2020,Georgia,197.0
672,03/18/2020,Guam,8.0
673,03/18/2020,Hawaii,14.0
674,03/18/2020,Iowa,29.0
675,03/18/2020,Idaho,9.0
676,03/18/2020,Illinois,288.0
677,03/18/2020,Indiana,39.0
678,03/18/2020,Kansas,16.0
679,03/18/2020,Kentucky,26.0
680,03/18/2020,Louisiana,240.0
681,03/18/2020,Massachusetts,256.0
682,03/18/2020,Maryland,85.0
683,03/18/2020,Maine,43.0
684,03/18/2020,Michigan,2913.0
685,03/18/2020,Minnesota,77.0
686,03/18/2020,Missouri,13.0
687,03/18/2020,Northern Mariana Islands,0.0
688,03/18/2020,Mississippi,34.0
689,03/18/2020,Montana,10.0
690,03/18/2020,North Carolina,63.0
691,03/18/2020,North Dakota,6.0
692,03/18/2020,Nebraska,24.0
693,03/18/2020,New Hampshire,26.0
694,03/18/2020,New Jersey,427.0
695,03/18/2020,New Mexico,28.0
696,03/18/2020,Nevada,55.0
697,03/18/2020,New York,2382.0
698,03/18/2020,Ohio,88.0
699,03/18/2020,Oklahoma,29.0
700,03/18/2020,Oregon,75.0
701,03/18/2020,Pennsylvania,133.0
702,03/18/2020,Puerto Rico,5.0
703,03/18/2020,Rhode Island,33.0
704,03/18/2020,South Carolina,60.0
705,03/18/2020,South Dakota,11.0
706,03/18/2020,Tennessee,98.0
707,03/18/2020,Texas,83.0
708,03/18/2020,Utah,63.0
709,03/18/2020,Virginia,77.0
710,03/18/2020,Virgin Islands,2.0
711,03/18/2020,Vermont,19.0
712,03/18/2020,Washington,1388.0
713,03/18/2020,Wisconsin,106.0
714,03/18/2020,West Virginia,1.0
715,03/18/2020,Wyoming,15.0
716,03/19/2020,Alaska,6.0
717,03/19/2020,Alabama,68.0
718,03/19/2020,Arkansas,46.0
719,03/19/2020,American Samoa,0.0
720,03/19/2020,Arizona,44.0
721,03/19/2020,California,924.0
722,03/19/2020,Colorado,216.0
723,03/19/2020,Connecticut,96.0
724,03/19/2020,District of Columbia,39.0
725,03/19/2020,Delaware,30.0
726,03/19/2020,Florida,390.0
727,03/19/2020,Georgia,287.0
728,03/19/2020,Guam,12.0
729,03/19/2020,Hawaii,16.0
730,03/19/2020,Iowa,38.0
731,03/19/2020,Idaho,11.0
732,03/19/2020,Illinois,422.0
733,03/19/2020,Indiana,56.0
734,03/19/2020,Kansas,34.0
735,03/19/2020,Kentucky,35.0
736,03/19/2020,Louisiana,347.0
737,03/19/2020,Massachusetts,328.0
738,03/19/2020,Maryland,107.0
739,03/19/2020,Maine,53.0
740,03/19/2020,Michigan,3392.0
741,03/19/2020,Minnesota,89.0
742,03/19/2020,Missouri,24.0
743,03/19/2020,Northern Mariana Islands,0.0
744,03/19/2020,Mississippi,50.0
745,03/19/2020,Montana,12.0
746,03/19/2020,North Carolina,97.0
747,03/19/2020,North Dakota,15.0
748,03/19/2020,Nebraska,27.0
749,03/19/2020,New Hampshire,39.0
750,03/19/2020,New Jersey,742.0
751,03/19/2020,New Mexico,35.0
752,03/19/2020,Nevada,95.0
753,03/19/2020,New York,4152.0
754,03/19/2020,Ohio,119.0
755,03/19/2020,Oklahoma,44.0
756,03/19/2020,Oregon,88.0
757,03/19/2020,Pennsylvania,185.0
758,03/19/2020,Puerto Rico,5.0
759,03/19/2020,Rhode Island,44.0
760,03/19/2020,South Carolina,60.0
761,03/19/2020,South Dakota,11.0
762,03/19/2020,Tennessee,154.0
763,03/19/2020,Texas,143.0
764,03/19/2020,Utah,78.0
765,03/19/2020,Virginia,94.0
766,03/19/2020,Virgin Islands,3.0
767,03/19/2020,Vermont,22.0
768,03/19/2020,Washington,1535.0
769,03/19/2020,Wisconsin,155.0
770,03/19/2020,West Virginia,2.0
771,03/19/2020,Wyoming,18.0
772,03/20/2020,Alaska,12.0
773,03/20/2020,Alabama,81.0
774,03/20/2020,Arkansas,96.0
775,03/20/2020,American Samoa,0.0
776,03/20/2020,Arizona,65.0
777,03/20/2020,California,1063.0
778,03/20/2020,Colorado,277.0
779,03/20/2020,Connecticut,194.0
780,03/20/2020,District of Columbia,71.0
781,03/20/2020,Delaware,38.0
782,03/20/2020,Florida,520.0
783,03/20/2020,Georgia,420.0
784,03/20/2020,Guam,14.0
785,03/20/2020,Hawaii,26.0
786,03/20/2020,Iowa,45.0
787,03/20/2020,Idaho,23.0
788,03/20/2020,Illinois,585.0
789,03/20/2020,Indiana,79.0
790,03/20/2020,Kansas,44.0
791,03/20/2020,Kentucky,47.0
792,03/20/2020,Louisiana,479.0
793,03/20/2020,Massachusetts,413.0
794,03/20/2020,Maryland,149.0
795,03/20/2020,Maine,57.0
796,03/20/2020,Michigan,4027.0
797,03/20/2020,Minnesota,115.0
798,03/20/2020,Missouri,47.0
799,03/20/2020,Northern Mariana Islands,0.0
800,03/20/2020,Mississippi,80.0
801,03/20/2020,Montana,16.0
802,03/20/2020,North Carolina,137.0
803,03/20/2020,North Dakota,20.0
804,03/20/2020,Nebraska,32.0
805,03/20/2020,New Hampshire,44.0
806,03/20/2020,New Jersey,890.0
807,03/20/2020,New Mexico,43.0
808,03/20/2020,Nevada,109.0
809,03/20/2020,New York,7102.0
810,03/20/2020,Ohio,169.0
811,03/20/2020,Oklahoma,49.0
812,03/20/2020,Oregon,114.0
813,03/20/2020,Pennsylvania,268.0
814,03/20/2020,Puerto Rico,14.0
815,03/20/2020,Rhode Island,54.0
816,03/20/2020,South Carolina,81.0
817,03/20/2020,South Dakota,14.0
818,03/20/2020,Tennessee,228.0
819,03/20/2020,Texas,194.0
820,03/20/2020,Utah,112.0
821,03/20/2020,Virginia,114.0
822,03/20/2020,Virgin Islands,3.0
823,03/20/2020,Vermont,29.0
824,03/20/2020,Washington,1773.0
825,03/20/2020,Wisconsin,206.0
826,03/20/2020,West Virginia,7.0
827,03/20/2020,Wyoming,19.0
828,03/21/2020,Alaska,14.0
829,03/21/2020,Alabama,124.0
830,03/21/2020,Arkansas,118.0
831,03/21/2020,American Samoa,0.0
832,03/21/2020,Arizona,104.0
833,03/21/2020,California,1279.0
834,03/21/2020,Colorado,363.0
835,03/21/2020,Connecticut,194.0
836,03/21/2020,District of Columbia,77.0
837,03/21/2020,Delaware,45.0
838,03/21/2020,Florida,658.0
839,03/21/2020,Georgia,507.0
840,03/21/2020,Guam,15.0
841,03/21/2020,Hawaii,37.0
842,03/21/2020,Iowa,68.0
843,03/21/2020,Idaho,31.0
844,03/21/2020,Illinois,753.0
845,03/21/2020,Indiana,126.0
846,03/21/2020,Kansas,55.0
847,03/21/2020,Kentucky,54.0
848,03/21/2020,Louisiana,585.0
849,03/21/2020,Massachusetts,525.0
850,03/21/2020,Maryland,190.0
851,03/21/2020,Maine,73.0
852,03/21/2020,Michigan,4543.0
853,03/21/2020,Minnesota,138.0
854,03/21/2020,Missouri,73.0
855,03/21/2020,Northern Mariana Islands,0.0
856,03/21/2020,Mississippi,140.0
857,03/21/2020,Montana,20.0
858,03/21/2020,North Carolina,184.0
859,03/21/2020,North Dakota,28.0
860,03/21/2020,Nebraska,38.0
861,03/21/2020,New Hampshire,55.0
862,03/21/2020,New Jersey,1327.0
863,03/21/2020,New Mexico,57.0
864,03/21/2020,Nevada,124.0
865,03/21/2020,New York,10356.0
866,03/21/2020,Ohio,247.0
867,03/21/2020,Oklahoma,53.0
868,03/21/2020,Oregon,114.0
869,03/21/2020,Pennsylvania,371.0
870,03/21/2020,Puerto Rico,21.0
871,03/21/2020,Rhode Island,66.0
872,03/21/2020,South Carolina,152.0
873,03/21/2020,South Dakota,14.0
874,03/21/2020,Tennessee,371.0
875,03/21/2020,Texas,304.0
876,03/21/2020,Utah,136.0
877,03/21/2020,Virginia,152.0
878,03/21/2020,Virgin Islands,6.0
879,03/21/2020,Vermont,29.0
880,03/21/2020,Washington,2006.0
881,03/21/2020,Wisconsin,281.0
882,03/21/2020,West Virginia,11.0
883,03/21/2020,Wyoming,23.0
884,03/22/2020,Alaska,22.0
885,03/22/2020,Alabama,138.0
886,03/22/2020,Arkansas,165.0
887,03/22/2020,American Samoa,0.0
888,03/22/2020,Arizona,152.0
889,03/22/2020,California,1536.0
890,03/22/2020,Colorado,475.0
891,03/22/2020,Connecticut,223.0
892,03/22/2020,District of Columbia,98.0
893,03/22/2020,Delaware,56.0
894,03/22/2020,Florida,830.0
895,03/22/2020,Georgia,600.0
896,03/22/2020,Guam,27.0
897,03/22/2020,Hawaii,48.0
898,03/22/2020,Iowa,90.0
899,03/22/2020,Idaho,42.0
900,03/22/2020,Illinois,1049.0
901,03/22/2020,Indiana,201.0
902,03/22/2020,Kansas,64.0
903,03/22/2020,Kentucky,99.0
904,03/22/2020,Louisiana,837.0
905,03/22/2020,Massachusetts,646.0
906,03/22/2020,Maryland,244.0
907,03/22/2020,Maine,89.0
908,03/22/2020,Michigan,5098.0
909,03/22/2020,Minnesota,169.0
910,03/22/2020,Missouri,90.0
911,03/22/2020,Northern Mariana Islands,0.0
912,03/22/2020,Mississippi,207.0
913,03/22/2020,Montana,31.0
914,03/22/2020,North Carolina,255.0
915,03/22/2020,North Dakota,28.0
916,03/22/2020,Nebraska,48.0
917,03/22/2020,New Hampshire,65.0
918,03/22/2020,New Jersey,1914.0
919,03/22/2020,New Mexico,57.0
920,03/22/2020,Nevada,190.0
921,03/22/2020,New York,15168.0
922,03/22/2020,Ohio,351.0
923,03/22/2020,Oklahoma,67.0
924,03/22/2020,Oregon,161.0
925,03/22/2020,Pennsylvania,479.0
926,03/22/2020,Puerto Rico,23.0
927,03/22/2020,Rhode Island,83.0
928,03/22/2020,South Carolina,195.0
929,03/22/2020,South Dakota,21.0
930,03/22/2020,Tennessee,505.0
931,03/22/2020,Texas,334.0
932,03/22/2020,Utah,181.0
933,03/22/2020,Virginia,219.0
934,03/22/2020,Virgin Islands,6.0
935,03/22/2020,Vermont,52.0
936,03/22/2020,Washington,2242.0
937,03/22/2020,Wisconsin,385.0
938,03/22/2020,West Virginia,12.0
939,03/22/2020,Wyoming,24.0
940,03/23/2020,Alaska,22.0
941,03/23/2020,Alabama,167.0
942,03/23/2020,Arkansas,174.0
943,03/23/2020,American Samoa,0.0
944,03/23/2020,Arizona,265.0
945,03/23/2020,California,1733.0
946,03/23/2020,Colorado,591.0
947,03/23/2020,Connecticut,415.0
948,03/23/2020,District of Columbia,116.0
949,03/23/2020,Delaware,68.0
950,03/23/2020,Florida,1171.0
951,03/23/2020,Georgia,772.0
952,03/23/2020,Guam,29.0
953,03/23/2020,Hawaii,56.0
954,03/23/2020,Iowa,105.0
955,03/23/2020,Idaho,47.0
956,03/23/2020,Illinois,1273.0
957,03/23/2020,Indiana,259.0
958,03/23/2020,Kansas,82.0
959,03/23/2020,Kentucky,104.0
960,03/23/2020,Louisiana,1172.0
961,03/23/2020,Massachusetts,777.0
962,03/23/2020,Maryland,288.0
963,03/23/2020,Maine,107.0
964,03/23/2020,Michigan,5789.0
965,03/23/2020,Minnesota,235.0
966,03/23/2020,Missouri,183.0
967,03/23/2020,Northern Mariana Islands,0.0
968,03/23/2020,Mississippi,249.0
969,03/23/2020,Montana,34.0
970,03/23/2020,North Carolina,297.0
971,03/23/2020,North Dakota,30.0
972,03/23/2020,Nebraska,50.0
973,03/23/2020,New Hampshire,78.0
974,03/23/2020,New Jersey,2844.0
975,03/23/2020,New Mexico,65.0
976,03/23/2020,Nevada,245.0
977,03/23/2020,New York,20875.0
978,03/23/2020,Ohio,442.0
979,03/23/2020,Oklahoma,81.0
980,03/23/2020,Oregon,191.0
981,03/23/2020,Pennsylvania,644.0
982,03/23/2020,Puerto Rico,31.0
983,03/23/2020,Rhode Island,106.0
984,03/23/2020,South Carolina,298.0
985,03/23/2020,South Dakota,28.0
986,03/23/2020,Tennessee,615.0
987,03/23/2020,Texas,352.0
988,03/23/2020,Utah,257.0
989,03/23/2020,Virginia,254.0
990,03/23/2020,Virgin Islands,17.0
991,03/23/2020,Vermont,75.0
992,03/23/2020,Washington,2450.0
993,03/23/2020,Wisconsin,416.0
994,03/23/2020,West Virginia,16.0
995,03/23/2020,Wyoming,26.0
996,03/24/2020,Alaska,36.0
997,03/24/2020,Alabama,215.0
998,03/24/2020,Arkansas,218.0
999,03/24/2020,American Samoa,0.0
1000,03/24/2020,Arizona,357.0
1001,03/24/2020,California,2102.0
1002,03/24/2020,Colorado,720.0
1003,03/24/2020,Connecticut,618.0
1004,03/24/2020,District of Columbia,137.0
1005,03/24/2020,Delaware,91.0
1006,03/24/2020,Florida,1412.0
1007,03/24/2020,Georgia,1026.0
1008,03/24/2020,Guam,32.0
1009,03/24/2020,Hawaii,77.0
1010,03/24/2020,Iowa,124.0
1011,03/24/2020,Idaho,50.0
1012,03/24/2020,Illinois,1535.0
1013,03/24/2020,Indiana,365.0
1014,03/24/2020,Kansas,98.0
1015,03/24/2020,Kentucky,124.0
1016,03/24/2020,Louisiana,1388.0
1017,03/24/2020,Massachusetts,1159.0
1018,03/24/2020,Maryland,349.0
1019,03/24/2020,Maine,125.0
1020,03/24/2020,Michigan,6441.0
1021,03/24/2020,Minnesota,262.0
1022,03/24/2020,Missouri,183.0
1023,03/24/2020,Northern Mariana Islands,0.0
1024,03/24/2020,Mississippi,320.0
1025,03/24/2020,Montana,46.0
1026,03/24/2020,North Carolina,398.0
1027,03/24/2020,North Dakota,34.0
1028,03/24/2020,Nebraska,52.0
1029,03/24/2020,New Hampshire,101.0
1030,03/24/2020,New Jersey,3675.0
1031,03/24/2020,New Mexico,83.0
1032,03/24/2020,Nevada,278.0
1033,03/24/2020,New York,25665.0
1034,03/24/2020,Ohio,564.0
1035,03/24/2020,Oklahoma,106.0
1036,03/24/2020,Oregon,209.0
1037,03/24/2020,Pennsylvania,851.0
1038,03/24/2020,Puerto Rico,39.0
1039,03/24/2020,Rhode Island,124.0
1040,03/24/2020,South Carolina,298.0
1041,03/24/2020,South Dakota,30.0
1042,03/24/2020,Tennessee,667.0
1043,03/24/2020,Texas,410.0
1044,03/24/2020,Utah,299.0
1045,03/24/2020,Virginia,290.0
1046,03/24/2020,Virgin Islands,17.0
1047,03/24/2020,Vermont,95.0
1048,03/24/2020,Washington,2823.0
1049,03/24/2020,Wisconsin,457.0
1050,03/24/2020,West Virginia,20.0
1051,03/24/2020,Wyoming,29.0
1052,03/25/2020,Alaska,42.0
1053,03/25/2020,Alabama,283.0
1054,03/25/2020,Arkansas,280.0
1055,03/25/2020,American Samoa,0.0
1056,03/25/2020,Arizona,450.0
1057,03/25/2020,California,2355.0
1058,03/25/2020,Colorado,912.0
1059,03/25/2020,Connecticut,875.0
1060,03/25/2020,District of Columbia,183.0
1061,03/25/2020,Delaware,115.0
1062,03/25/2020,Florida,1682.0
1063,03/25/2020,Georgia,1247.0
1064,03/25/2020,Guam,37.0
1065,03/25/2020,Hawaii,90.0
1066,03/25/2020,Iowa,145.0
1067,03/25/2020,Idaho,73.0
1068,03/25/2020,Illinois,1865.0
1069,03/25/2020,Indiana,477.0
1070,03/25/2020,Kansas,126.0
1071,03/25/2020,Kentucky,157.0
1072,03/25/2020,Louisiana,1795.0
1073,03/25/2020,Massachusetts,1838.0
1074,03/25/2020,Maryland,423.0
1075,03/25/2020,Maine,149.0
1076,03/25/2020,Michigan,7060.0
1077,03/25/2020,Minnesota,287.0
1078,03/25/2020,Missouri,356.0
1079,03/25/2020,Northern Mariana Islands,0.0
1080,03/25/2020,Mississippi,377.0
1081,03/25/2020,Montana,53.0
1082,03/25/2020,North Carolina,504.0
1083,03/25/2020,North Dakota,39.0
1084,03/25/2020,Nebraska,61.0
1085,03/25/2020,New Hampshire,108.0
1086,03/25/2020,New Jersey,4402.0
1087,03/25/2020,New Mexico,100.0
1088,03/25/2020,Nevada,321.0
1089,03/25/2020,New York,30811.0
1090,03/25/2020,Ohio,704.0
1091,03/25/2020,Oklahoma,164.0
1092,03/25/2020,Oregon,209.0
1093,03/25/2020,Pennsylvania,1127.0
1094,03/25/2020,Puerto Rico,51.0
1095,03/25/2020,Rhode Island,132.0
1096,03/25/2020,South Carolina,424.0
1097,03/25/2020,South Dakota,41.0
1098,03/25/2020,Tennessee,784.0
1099,03/25/2020,Texas,974.0
1100,03/25/2020,Utah,346.0
1101,03/25/2020,Virginia,391.0
1102,03/25/2020,Virgin Islands,17.0
1103,03/25/2020,Vermont,123.0
1104,03/25/2020,Washington,3275.0
1105,03/25/2020,Wisconsin,585.0
1106,03/25/2020,West Virginia,39.0
1107,03/25/2020,Wyoming,44.0
1108,03/26/2020,Alaska,59.0
1109,03/26/2020,Alabama,506.0
1110,03/26/2020,Arkansas,335.0
1111,03/26/2020,American Samoa,0.0
1112,03/26/2020,Arizona,577.0
1113,03/26/2020,California,3006.0
1114,03/26/2020,Colorado,1086.0
1115,03/26/2020,Connecticut,1012.0
1116,03/26/2020,District of Columbia,231.0
1117,03/26/2020,Delaware,130.0
1118,03/26/2020,Florida,2355.0
1119,03/26/2020,Georgia,1525.0
1120,03/26/2020,Guam,45.0
1121,03/26/2020,Hawaii,95.0
1122,03/26/2020,Iowa,179.0
1123,03/26/2020,Idaho,123.0
1124,03/26/2020,Illinois,2538.0
1125,03/26/2020,Indiana,645.0
1126,03/26/2020,Kansas,168.0
1127,03/26/2020,Kentucky,198.0
1128,03/26/2020,Louisiana,2305.0
1129,03/26/2020,Massachusetts,2417.0
1130,03/26/2020,Maryland,580.0
1131,03/26/2020,Maine,155.0
1132,03/26/2020,Michigan,7767.0
1133,03/26/2020,Minnesota,346.0
1134,03/26/2020,Missouri,502.0
1135,03/26/2020,Northern Mariana Islands,0.0
1136,03/26/2020,Mississippi,485.0
1137,03/26/2020,Montana,71.0
1138,03/26/2020,North Carolina,636.0
1139,03/26/2020,North Dakota,52.0
1140,03/26/2020,Nebraska,73.0
1141,03/26/2020,New Hampshire,137.0
1142,03/26/2020,New Jersey,6876.0
1143,03/26/2020,New Mexico,112.0
1144,03/26/2020,Nevada,420.0
1145,03/26/2020,New York,37258.0
1146,03/26/2020,Ohio,867.0
1147,03/26/2020,Oklahoma,248.0
1148,03/26/2020,Oregon,327.0
1149,03/26/2020,Pennsylvania,1687.0
1150,03/26/2020,Puerto Rico,64.0
1151,03/26/2020,Rhode Island,165.0
1152,03/26/2020,South Carolina,456.0
1153,03/26/2020,South Dakota,46.0
1154,03/26/2020,Tennessee,957.0
1155,03/26/2020,Texas,1396.0
1156,03/26/2020,Utah,402.0
1157,03/26/2020,Virginia,460.0
1158,03/26/2020,Virgin Islands,17.0
1159,03/26/2020,Vermont,158.0
1160,03/26/2020,Washington,3745.0
1161,03/26/2020,Wisconsin,707.0
1162,03/26/2020,West Virginia,51.0
1163,03/26/2020,Wyoming,53.0
1164,03/27/2020,Alaska,69.0
1165,03/27/2020,Alabama,587.0
1166,03/27/2020,Arkansas,381.0
1167,03/27/2020,American Samoa,0.0
1168,03/27/2020,Arizona,736.0
1169,03/27/2020,California,3879.0
1170,03/27/2020,Colorado,1430.0
1171,03/27/2020,Connecticut,1291.0
1172,03/27/2020,District of Columbia,267.0
1173,03/27/2020,Delaware,163.0
1174,03/27/2020,Florida,2765.0
1175,03/27/2020,Georgia,2001.0
1176,03/27/2020,Guam,51.0
1177,03/27/2020,Hawaii,106.0
1178,03/27/2020,Iowa,235.0
1179,03/27/2020,Idaho,189.0
1180,03/27/2020,Illinois,3026.0
1181,03/27/2020,Indiana,981.0
1182,03/27/2020,Kansas,202.0
1183,03/27/2020,Kentucky,248.0
1184,03/27/2020,Louisiana,2746.0
1185,03/27/2020,Massachusetts,3240.0
1186,03/27/2020,Maryland,774.0
1187,03/27/2020,Maine,168.0
1188,03/27/2020,Michigan,8659.0
1189,03/27/2020,Minnesota,398.0
1190,03/27/2020,Missouri,669.0
1191,03/27/2020,Northern Mariana Islands,0.0
1192,03/27/2020,Mississippi,579.0
1193,03/27/2020,Montana,108.0
1194,03/27/2020,North Carolina,763.0
1195,03/27/2020,North Dakota,65.0
1196,03/27/2020,Nebraska,85.0
1197,03/27/2020,New Hampshire,158.0
1198,03/27/2020,New Jersey,8825.0
1199,03/27/2020,New Mexico,136.0
1200,03/27/2020,Nevada,535.0
1201,03/27/2020,New York,44635.0
1202,03/27/2020,Ohio,1137.0
1203,03/27/2020,Oklahoma,322.0
1204,03/27/2020,Oregon,414.0
1205,03/27/2020,Pennsylvania,2218.0
1206,03/27/2020,Puerto Rico,79.0
1207,03/27/2020,Rhode Island,203.0
1208,03/27/2020,South Carolina,456.0
1209,03/27/2020,South Dakota,58.0
1210,03/27/2020,Tennessee,1203.0
1211,03/27/2020,Texas,1731.0
1212,03/27/2020,Utah,480.0
1213,03/27/2020,Virginia,604.0
1214,03/27/2020,Virgin Islands,19.0
1215,03/27/2020,Vermont,184.0
1216,03/27/2020,Washington,4238.0
1217,03/27/2020,Wisconsin,842.0
1218,03/27/2020,West Virginia,76.0
1219,03/27/2020,Wyoming,70.0
1220,03/28/2020,Alaska,85.0
1221,03/28/2020,Alabama,696.0
1222,03/28/2020,Arkansas,404.0
1223,03/28/2020,American Samoa,0.0
1224,03/28/2020,Arizona,873.0
1225,03/28/2020,California,4643.0
1226,03/28/2020,Colorado,1734.0
1227,03/28/2020,Connecticut,1291.0
1228,03/28/2020,District of Columbia,304.0
1229,03/28/2020,Delaware,214.0
1230,03/28/2020,Florida,3763.0
1231,03/28/2020,Georgia,2366.0
1232,03/28/2020,Guam,55.0
1233,03/28/2020,Hawaii,120.0
1234,03/28/2020,Iowa,298.0
1235,03/28/2020,Idaho,230.0
1236,03/28/2020,Illinois,3491.0
1237,03/28/2020,Indiana,1232.0
1238,03/28/2020,Kansas,261.0
1239,03/28/2020,Kentucky,302.0
1240,03/28/2020,Louisiana,3315.0
1241,03/28/2020,Massachusetts,4257.0
1242,03/28/2020,Maryland,992.0
1243,03/28/2020,Maine,211.0
1244,03/28/2020,Michigan,9287.0
1245,03/28/2020,Minnesota,441.0
1246,03/28/2020,Missouri,838.0
1247,03/28/2020,Northern Mariana Islands,2.0
1248,03/28/2020,Mississippi,663.0
1249,03/28/2020,Montana,129.0
1250,03/28/2020,North Carolina,935.0
1251,03/28/2020,North Dakota,83.0
1252,03/28/2020,Nebraska,96.0
1253,03/28/2020,New Hampshire,187.0
1254,03/28/2020,New Jersey,11124.0
1255,03/28/2020,New Mexico,191.0
1256,03/28/2020,Nevada,621.0
1257,03/28/2020,New York,52318.0
1258,03/28/2020,Ohio,1406.0
1259,03/28/2020,Oklahoma,377.0
1260,03/28/2020,Oregon,479.0
1261,03/28/2020,Pennsylvania,2751.0
1262,03/28/2020,Puerto Rico,100.0
1263,03/28/2020,Rhode Island,239.0
1264,03/28/2020,South Carolina,539.0
1265,03/28/2020,South Dakota,68.0
1266,03/28/2020,Tennessee,1373.0
1267,03/28/2020,Texas,2052.0
1268,03/28/2020,Utah,602.0
1269,03/28/2020,Virginia,739.0
1270,03/28/2020,Virgin Islands,22.0
1271,03/28/2020,Vermont,211.0
1272,03/28/2020,Washington,4707.0
1273,03/28/2020,Wisconsin,989.0
1274,03/28/2020,West Virginia,96.0
1275,03/28/2020,Wyoming,82.0
1276,03/29/2020,Alaska,102.0
1277,03/29/2020,Alabama,806.0
1278,03/29/2020,Arkansas,426.0
1279,03/29/2020,American Samoa,0.0
1280,03/29/2020,Arizona,919.0
1281,03/29/2020,California,5708.0
1282,03/29/2020,Colorado,2061.0
1283,03/29/2020,Connecticut,1993.0
1284,03/29/2020,District of Columbia,342.0
1285,03/29/2020,Delaware,232.0
1286,03/29/2020,Florida,4246.0
1287,03/29/2020,Georgia,2651.0
1288,03/29/2020,Guam,56.0
1289,03/29/2020,Hawaii,151.0
1290,03/29/2020,Iowa,336.0
1291,03/29/2020,Idaho,261.0
1292,03/29/2020,Illinois,4596.0
1293,03/29/2020,Indiana,1514.0
1294,03/29/2020,Kansas,319.0
1295,03/29/2020,Kentucky,394.0
1296,03/29/2020,Louisiana,3540.0
1297,03/29/2020,Massachusetts,4955.0
1298,03/29/2020,Maryland,1239.0
1299,03/29/2020,Maine,253.0
1300,03/29/2020,Michigan,10010.0
1301,03/29/2020,Minnesota,503.0
1302,03/29/2020,Missouri,838.0
1303,03/29/2020,Northern Mariana Islands,2.0
1304,03/29/2020,Mississippi,758.0
1305,03/29/2020,Montana,154.0
1306,03/29/2020,North Carolina,1040.0
1307,03/29/2020,North Dakota,98.0
1308,03/29/2020,Nebraska,108.0
1309,03/29/2020,New Hampshire,214.0
1310,03/29/2020,New Jersey,13386.0
1311,03/29/2020,New Mexico,237.0
1312,03/29/2020,Nevada,738.0
1313,03/29/2020,New York,59513.0
1314,03/29/2020,Ohio,1653.0
1315,03/29/2020,Oklahoma,429.0
1316,03/29/2020,Oregon,548.0
1317,03/29/2020,Pennsylvania,3394.0
1318,03/29/2020,Puerto Rico,127.0
1319,03/29/2020,Rhode Island,294.0
1320,03/29/2020,South Carolina,774.0
1321,03/29/2020,South Dakota,90.0
1322,03/29/2020,Tennessee,1537.0
1323,03/29/2020,Texas,2552.0
1324,03/29/2020,Utah,719.0
1325,03/29/2020,Virginia,890.0
1326,03/29/2020,Virgin Islands,23.0
1327,03/29/2020,Vermont,235.0
1328,03/29/2020,Washington,5102.0
1329,03/29/2020,Wisconsin,1112.0
1330,03/29/2020,West Virginia,113.0
1331,03/29/2020,Wyoming,86.0
1332,03/30/2020,Alaska,114.0
1333,03/30/2020,Alabama,859.0
1334,03/30/2020,Arkansas,473.0
1335,03/30/2020,American Samoa,0.0
1336,03/30/2020,Arizona,1157.0
1337,03/30/2020,California,6447.0
1338,03/30/2020,Colorado,2627.0
1339,03/30/2020,Connecticut,2571.0
1340,03/30/2020,District of Columbia,401.0
1341,03/30/2020,Delaware,264.0
1342,03/30/2020,Florida,5473.0
1343,03/30/2020,Georgia,2809.0
1344,03/30/2020,Guam,58.0
1345,03/30/2020,Hawaii,175.0
1346,03/30/2020,Iowa,424.0
1347,03/30/2020,Idaho,310.0
1348,03/30/2020,Illinois,5057.0
1349,03/30/2020,Indiana,1786.0
1350,03/30/2020,Kansas,368.0
1351,03/30/2020,Kentucky,439.0
1352,03/30/2020,Louisiana,4025.0
1353,03/30/2020,Massachusetts,5752.0
1354,03/30/2020,Maryland,1413.0
1355,03/30/2020,Maine,275.0
1356,03/30/2020,Michigan,10901.0
1357,03/30/2020,Minnesota,576.0
1358,03/30/2020,Missouri,1031.0
1359,03/30/2020,Northern Mariana Islands,2.0
1360,03/30/2020,Mississippi,847.0
1361,03/30/2020,Montana,171.0
1362,03/30/2020,North Carolina,1307.0
1363,03/30/2020,North Dakota,109.0
1364,03/30/2020,Nebraska,145.0
1365,03/30/2020,New Hampshire,314.0
1366,03/30/2020,New Jersey,16636.0
1367,03/30/2020,New Mexico,237.0
1368,03/30/2020,Nevada,1008.0
1369,03/30/2020,New York,66497.0
1370,03/30/2020,Ohio,1933.0
1371,03/30/2020,Oklahoma,481.0
1372,03/30/2020,Oregon,606.0
1373,03/30/2020,Pennsylvania,4087.0
1374,03/30/2020,Puerto Rico,174.0
1375,03/30/2020,Rhode Island,402.0
1376,03/30/2020,South Carolina,925.0
1377,03/30/2020,South Dakota,101.0
1378,03/30/2020,Tennessee,1834.0
1379,03/30/2020,Texas,2877.0
1380,03/30/2020,Utah,806.0
1381,03/30/2020,Virginia,1020.0
1382,03/30/2020,Virgin Islands,30.0
1383,03/30/2020,Vermont,256.0
1384,03/30/2020,Washington,5566.0
1385,03/30/2020,Wisconsin,1221.0
1386,03/30/2020,West Virginia,126.0
1387,03/30/2020,Wyoming,94.0
1388,03/31/2020,Alaska,119.0
1389,03/31/2020,Alabama,981.0
1390,03/31/2020,Arkansas,523.0
1391,03/31/2020,American Samoa,0.0
1392,03/31/2020,Arizona,1289.0
1393,03/31/2020,California,7482.0
1394,03/31/2020,Colorado,2627.0
1395,03/31/2020,Connecticut,3128.0
1396,03/31/2020,District of Columbia,495.0
1397,03/31/2020,Delaware,319.0
1398,03/31/2020,Florida,6338.0
1399,03/31/2020,Georgia,3929.0
1400,03/31/2020,Guam,69.0
1401,03/31/2020,Hawaii,204.0
1402,03/31/2020,Iowa,497.0
1403,03/31/2020,Idaho,415.0
1404,03/31/2020,Illinois,5994.0
1405,03/31/2020,Indiana,2159.0
1406,03/31/2020,Kansas,428.0
1407,03/31/2020,Kentucky,480.0
1408,03/31/2020,Louisiana,5237.0
1409,03/31/2020,Massachusetts,6620.0
1410,03/31/2020,Maryland,1660.0
1411,03/31/2020,Maine,303.0
1412,03/31/2020,Michigan,11875.0
1413,03/31/2020,Minnesota,629.0
1414,03/31/2020,Missouri,1327.0
1415,03/31/2020,Northern Mariana Islands,2.0
1416,03/31/2020,Mississippi,937.0
1417,03/31/2020,Montana,184.0
1418,03/31/2020,North Carolina,1498.0
1419,03/31/2020,North Dakota,126.0
1420,03/31/2020,Nebraska,172.0
1421,03/31/2020,New Hampshire,314.0
1422,03/31/2020,New Jersey,18696.0
1423,03/31/2020,New Mexico,281.0
1424,03/31/2020,Nevada,1113.0
1425,03/31/2020,New York,75795.0
1426,03/31/2020,Ohio,2199.0
1427,03/31/2020,Oklahoma,565.0
1428,03/31/2020,Oregon,690.0
1429,03/31/2020,Pennsylvania,4843.0
1430,03/31/2020,Puerto Rico,239.0
1431,03/31/2020,Rhode Island,489.0
1432,03/31/2020,South Carolina,1083.0
1433,03/31/2020,South Dakota,108.0
1434,03/31/2020,Tennessee,2239.0
1435,03/31/2020,Texas,3266.0
1436,03/31/2020,Utah,887.0
1437,03/31/2020,Virginia,1250.0
1438,03/31/2020,Virgin Islands,30.0
1439,03/31/2020,Vermont,293.0
1440,03/31/2020,Washington,6030.0
1441,03/31/2020,Wisconsin,1351.0
1442,03/31/2020,West Virginia,162.0
1443,03/31/2020,Wyoming,109.0
1444,04/01/2020,Alaska,133.0
1445,04/01/2020,Alabama,1077.0
1446,04/01/2020,Arkansas,584.0
1447,04/01/2020,American Samoa,0.0
1448,04/01/2020,Arizona,1413.0
1449,04/01/2020,California,8155.0
1450,04/01/2020,Colorado,2966.0
1451,04/01/2020,Connecticut,3557.0
1452,04/01/2020,District of Columbia,586.0
1453,04/01/2020,Delaware,368.0
1454,04/01/2020,Florida,6955.0
1455,04/01/2020,Georgia,4638.0
1456,04/01/2020,Guam,77.0
1457,04/01/2020,Hawaii,208.0
1458,04/01/2020,Iowa,549.0
1459,04/01/2020,Idaho,525.0
1460,04/01/2020,Illinois,6980.0
1461,04/01/2020,Indiana,2565.0
1462,04/01/2020,Kansas,482.0
1463,04/01/2020,Kentucky,591.0
1464,04/01/2020,Louisiana,6424.0
1465,04/01/2020,Massachusetts,7738.0
1466,04/01/2020,Maryland,1985.0
1467,04/01/2020,Maine,344.0
1468,04/01/2020,Michigan,12888.0
1469,04/01/2020,Minnesota,689.0
1470,04/01/2020,Missouri,1581.0
1471,04/01/2020,Northern Mariana Islands,6.0
1472,04/01/2020,Mississippi,1073.0
1473,04/01/2020,Montana,208.0
1474,04/01/2020,North Carolina,1584.0
1475,04/01/2020,North Dakota,142.0
1476,04/01/2020,Nebraska,210.0
1477,04/01/2020,New Hampshire,415.0
1478,04/01/2020,New Jersey,22255.0
1479,04/01/2020,New Mexico,315.0
1480,04/01/2020,Nevada,1279.0
1481,04/01/2020,New York,83712.0
1482,04/01/2020,Ohio,2547.0
1483,04/01/2020,Oklahoma,719.0
1484,04/01/2020,Oregon,736.0
1485,04/01/2020,Pennsylvania,5805.0
1486,04/01/2020,Puerto Rico,286.0
1487,04/01/2020,Rhode Island,566.0
1488,04/01/2020,South Carolina,1293.0
1489,04/01/2020,South Dakota,129.0
1490,04/01/2020,Tennessee,2683.0
1491,04/01/2020,Texas,3997.0
1492,04/01/2020,Utah,1012.0
1493,04/01/2020,Virginia,1484.0
1494,04/01/2020,Virgin Islands,30.0
1495,04/01/2020,Vermont,321.0
1496,04/01/2020,Washington,6593.0
1497,04/01/2020,Wisconsin,1550.0
1498,04/01/2020,West Virginia,191.0
1499,04/01/2020,Wyoming,130.0
1500,04/02/2020,Alaska,143.0
1501,04/02/2020,Alabama,1233.0
1502,04/02/2020,Arkansas,643.0
1503,04/02/2020,American Samoa,0.0
1504,04/02/2020,Arizona,1598.0
1505,04/02/2020,California,9191.0
1506,04/02/2020,Colorado,3342.0
1507,04/02/2020,Connecticut,3824.0
1508,04/02/2020,District of Columbia,653.0
1509,04/02/2020,Delaware,393.0
1510,04/02/2020,Florida,8010.0
1511,04/02/2020,Georgia,5348.0
1512,04/02/2020,Guam,82.0
1513,04/02/2020,Hawaii,258.0
1514,04/02/2020,Iowa,614.0
1515,04/02/2020,Idaho,669.0
1516,04/02/2020,Illinois,7695.0
1517,04/02/2020,Indiana,3039.0
1518,04/02/2020,Kansas,552.0
1519,04/02/2020,Kentucky,680.0
1520,04/02/2020,Louisiana,9150.0
1521,04/02/2020,Massachusetts,8966.0
1522,04/02/2020,Maryland,2331.0
1523,04/02/2020,Maine,376.0
1524,04/02/2020,Michigan,14117.0
1525,04/02/2020,Minnesota,742.0
1526,04/02/2020,Missouri,1834.0
1527,04/02/2020,Northern Mariana Islands,8.0
1528,04/02/2020,Mississippi,1177.0
1529,04/02/2020,Montana,227.0
1530,04/02/2020,North Carolina,1857.0
1531,04/02/2020,North Dakota,159.0
1532,04/02/2020,Nebraska,246.0
1533,04/02/2020,New Hampshire,415.0
1534,04/02/2020,New Jersey,25590.0
1535,04/02/2020,New Mexico,363.0
1536,04/02/2020,Nevada,1458.0
1537,04/02/2020,New York,92381.0
1538,04/02/2020,Ohio,2902.0
1539,04/02/2020,Oklahoma,879.0
1540,04/02/2020,Oregon,826.0
1541,04/02/2020,Pennsylvania,7016.0
1542,04/02/2020,Puerto Rico,316.0
1543,04/02/2020,Rhode Island,657.0
1544,04/02/2020,South Carolina,1554.0
1545,04/02/2020,South Dakota,165.0
1546,04/02/2020,Tennessee,2845.0
1547,04/02/2020,Texas,4669.0
1548,04/02/2020,Utah,1074.0
1549,04/02/2020,Virginia,1706.0
1550,04/02/2020,Virgin Islands,33.0
1551,04/02/2020,Vermont,338.0
1552,04/02/2020,Washington,6962.0
1553,04/02/2020,Wisconsin,1730.0
1554,04/02/2020,West Virginia,217.0
1555,04/02/2020,Wyoming,150.0
1556,04/03/2020,Alaska,157.0
1557,04/03/2020,Alabama,1432.0
1558,04/03/2020,Arkansas,704.0
1559,04/03/2020,American Samoa,0.0
1560,04/03/2020,Arizona,1769.0
1561,04/03/2020,California,10701.0
1562,04/03/2020,Colorado,3728.0
1563,04/03/2020,Connecticut,4914.0
1564,04/03/2020,District of Columbia,757.0
1565,04/03/2020,Delaware,450.0
1566,04/03/2020,Florida,9585.0
1567,04/03/2020,Georgia,5831.0
1568,04/03/2020,Guam,84.0
1569,04/03/2020,Hawaii,285.0
1570,04/03/2020,Iowa,699.0
1571,04/03/2020,Idaho,891.0
1572,04/03/2020,Illinois,8904.0
1573,04/03/2020,Indiana,3437.0
1574,04/03/2020,Kansas,620.0
1575,04/03/2020,Kentucky,770.0
1576,04/03/2020,Louisiana,10297.0
1577,04/03/2020,Massachusetts,10402.0
1578,04/03/2020,Maryland,2758.0
1579,04/03/2020,Maine,432.0
1580,04/03/2020,Michigan,15252.0
1581,04/03/2020,Minnesota,789.0
1582,04/03/2020,Missouri,2113.0
1583,04/03/2020,Northern Mariana Islands,8.0
1584,04/03/2020,Mississippi,1358.0
1585,04/03/2020,Montana,243.0
1586,04/03/2020,North Carolina,2093.0
1587,04/03/2020,North Dakota,173.0
1588,04/03/2020,Nebraska,279.0
1589,04/03/2020,New Hampshire,479.0
1590,04/03/2020,New Jersey,29895.0
1591,04/03/2020,New Mexico,403.0
1592,04/03/2020,Nevada,1514.0
1593,04/03/2020,New York,102863.0
1594,04/03/2020,Ohio,3312.0
1595,04/03/2020,Oklahoma,988.0
1596,04/03/2020,Oregon,899.0
1597,04/03/2020,Pennsylvania,8420.0
1598,04/03/2020,Puerto Rico,378.0
1599,04/03/2020,Rhode Island,709.0
1600,04/03/2020,South Carolina,1554.0
1601,04/03/2020,South Dakota,187.0
1602,04/03/2020,Tennessee,3067.0
1603,04/03/2020,Texas,5330.0
1604,04/03/2020,Utah,1246.0
1605,04/03/2020,Virginia,2012.0
1606,04/03/2020,Virgin Islands,38.0
1607,04/03/2020,Vermont,389.0
1608,04/03/2020,Washington,7548.0
1609,04/03/2020,Wisconsin,1912.0
1610,04/03/2020,West Virginia,237.0
1611,04/03/2020,Wyoming,162.0
1612,04/04/2020,Alaska,171.0
1613,04/04/2020,Alabama,1580.0
1614,04/04/2020,Arkansas,743.0
1615,04/04/2020,American Samoa,0.0
1616,04/04/2020,Arizona,2019.0
1617,04/04/2020,California,12026.0
1618,04/04/2020,Colorado,4173.0
1619,04/04/2020,Connecticut,5276.0
1620,04/04/2020,District of Columbia,902.0
1621,04/04/2020,Delaware,593.0
1622,04/04/2020,Florida,11111.0
1623,04/04/2020,Georgia,6160.0
1624,04/04/2020,Guam,93.0
1625,04/04/2020,Hawaii,319.0
1626,04/04/2020,Iowa,786.0
1627,04/04/2020,Idaho,1013.0
1628,04/04/2020,Illinois,10357.0
1629,04/04/2020,Indiana,3953.0
1630,04/04/2020,Kansas,698.0
1631,04/04/2020,Kentucky,831.0
1632,04/04/2020,Louisiana,12496.0
1633,04/04/2020,Massachusetts,11736.0
1634,04/04/2020,Maryland,3125.0
1635,04/04/2020,Maine,456.0
1636,04/04/2020,Michigan,16395.0
1637,04/04/2020,Minnesota,865.0
1638,04/04/2020,Missouri,2291.0
1639,04/04/2020,Northern Mariana Islands,8.0
1640,04/04/2020,Mississippi,1455.0
1641,04/04/2020,Montana,265.0
1642,04/04/2020,North Carolina,2402.0
1643,04/04/2020,North Dakota,186.0
1644,04/04/2020,Nebraska,321.0
1645,04/04/2020,New Hampshire,540.0
1646,04/04/2020,New Jersey,34124.0
1647,04/04/2020,New Mexico,495.0
1648,04/04/2020,Nevada,1742.0
1649,04/04/2020,New York,113704.0
1650,04/04/2020,Ohio,3739.0
1651,04/04/2020,Oklahoma,1159.0
1652,04/04/2020,Oregon,999.0
1653,04/04/2020,Pennsylvania,10017.0
1654,04/04/2020,Puerto Rico,452.0
1655,04/04/2020,Rhode Island,806.0
1656,04/04/2020,South Carolina,1917.0
1657,04/04/2020,South Dakota,212.0
1658,04/04/2020,Tennessee,3321.0
1659,04/04/2020,Texas,6110.0
1660,04/04/2020,Utah,1428.0
1661,04/04/2020,Virginia,2407.0
1662,04/04/2020,Virgin Islands,40.0
1663,04/04/2020,Vermont,461.0
1664,04/04/2020,Washington,7934.0
1665,04/04/2020,Wisconsin,2112.0
1666,04/04/2020,West Virginia,282.0
1667,04/04/2020,Wyoming,187.0
1668,04/05/2020,Alaska,185.0
1669,04/05/2020,Alabama,1796.0
1670,04/05/2020,Arkansas,830.0
1671,04/05/2020,American Samoa,0.0
1672,04/05/2020,Arizona,2269.0
1673,04/05/2020,California,13438.0
1674,04/05/2020,Colorado,4565.0
1675,04/05/2020,Connecticut,5675.0
1676,04/05/2020,District of Columbia,998.0
1677,04/05/2020,Delaware,673.0
1678,04/05/2020,Florida,12151.0
1679,04/05/2020,Georgia,6647.0
1680,04/05/2020,Guam,112.0
1681,04/05/2020,Hawaii,351.0
1682,04/05/2020,Iowa,868.0
1683,04/05/2020,Idaho,1077.0
1684,04/05/2020,Illinois,11256.0
1685,04/05/2020,Indiana,4411.0
1686,04/05/2020,Kansas,747.0
1687,04/05/2020,Kentucky,917.0
1688,04/05/2020,Louisiana,13010.0
1689,04/05/2020,Massachusetts,12500.0
1690,04/05/2020,Maryland,3609.0
1691,04/05/2020,Maine,470.0
1692,04/05/2020,Michigan,17567.0
1693,04/05/2020,Minnesota,935.0
1694,04/05/2020,Missouri,2367.0
1695,04/05/2020,Northern Mariana Islands,8.0
1696,04/05/2020,Mississippi,1638.0
1697,04/05/2020,Montana,286.0
1698,04/05/2020,North Carolina,2585.0
1699,04/05/2020,North Dakota,207.0
1700,04/05/2020,Nebraska,363.0
1701,04/05/2020,New Hampshire,621.0
1702,04/05/2020,New Jersey,37505.0
1703,04/05/2020,New Mexico,543.0
1704,04/05/2020,Nevada,1836.0
1705,04/05/2020,New York,122031.0
1706,04/05/2020,Ohio,4043.0
1707,04/05/2020,Oklahoma,1252.0
1708,04/05/2020,Oregon,1068.0
1709,04/05/2020,Pennsylvania,11510.0
1710,04/05/2020,Puerto Rico,475.0
1711,04/05/2020,Rhode Island,922.0
1712,04/05/2020,South Carolina,2049.0
1713,04/05/2020,South Dakota,240.0
1714,04/05/2020,Tennessee,3633.0
1715,04/05/2020,Texas,6812.0
1716,04/05/2020,Utah,1605.0
1717,04/05/2020,Virginia,2637.0
1718,04/05/2020,Virgin Islands,42.0
1719,04/05/2020,Vermont,512.0
1720,04/05/2020,Washington,8332.0
1721,04/05/2020,Wisconsin,2267.0
1722,04/05/2020,West Virginia,324.0
1723,04/05/2020,Wyoming,197.0
1724,04/06/2020,Alaska,191.0
1725,04/06/2020,Alabama,1968.0
1726,04/06/2020,Arkansas,875.0
1727,04/06/2020,American Samoa,0.0
1728,04/06/2020,Arizona,2456.0
1729,04/06/2020,California,14336.0
1730,04/06/2020,Colorado,4950.0
1731,04/06/2020,Connecticut,6906.0
1732,04/06/2020,District of Columbia,1097.0
1733,04/06/2020,Delaware,673.0
1734,04/06/2020,Florida,13324.0
1735,04/06/2020,Georgia,7314.0
1736,04/06/2020,Guam,113.0
1737,04/06/2020,Hawaii,371.0
1738,04/06/2020,Iowa,946.0
1739,04/06/2020,Idaho,1101.0
1740,04/06/2020,Illinois,12262.0
1741,04/06/2020,Indiana,4944.0
1742,04/06/2020,Kansas,845.0
1743,04/06/2020,Kentucky,955.0
1744,04/06/2020,Louisiana,14867.0
1745,04/06/2020,Massachusetts,13837.0
1746,04/06/2020,Maryland,4045.0
1747,04/06/2020,Maine,499.0
1748,04/06/2020,Michigan,18850.0
1749,04/06/2020,Minnesota,986.0
1750,04/06/2020,Missouri,2722.0
1751,04/06/2020,Northern Mariana Islands,8.0
1752,04/06/2020,Mississippi,1738.0
1753,04/06/2020,Montana,299.0
1754,04/06/2020,North Carolina,2870.0
1755,04/06/2020,North Dakota,225.0
1756,04/06/2020,Nebraska,409.0
1757,04/06/2020,New Hampshire,669.0
1758,04/06/2020,New Jersey,41090.0
1759,04/06/2020,New Mexico,624.0
1760,04/06/2020,Nevada,1953.0
1761,04/06/2020,New York,130689.0
1762,04/06/2020,Ohio,4450.0
1763,04/06/2020,Oklahoma,1327.0
1764,04/06/2020,Oregon,1132.0
1765,04/06/2020,Pennsylvania,12980.0
1766,04/06/2020,Puerto Rico,513.0
1767,04/06/2020,Rhode Island,1082.0
1768,04/06/2020,South Carolina,2049.0
1769,04/06/2020,South Dakota,288.0
1770,04/06/2020,Tennessee,3802.0
1771,04/06/2020,Texas,7276.0
1772,04/06/2020,Utah,1675.0
1773,04/06/2020,Virginia,2878.0
1774,04/06/2020,Virgin Islands,43.0
1775,04/06/2020,Vermont,543.0
1776,04/06/2020,Washington,8679.0
1777,04/06/2020,Wisconsin,2440.0
1778,04/06/2020,West Virginia,345.0
1779,04/06/2020,Wyoming,210.0
1780,04/07/2020,Alaska,213.0
1781,04/07/2020,Alabama,2119.0
1782,04/07/2020,Arkansas,946.0
1783,04/07/2020,American Samoa,0.0
1784,04/07/2020,Arizona,2575.0
1785,04/07/2020,California,15865.0
1786,04/07/2020,Colorado,5172.0
1787,04/07/2020,Connecticut,7781.0
1788,04/07/2020,District of Columbia,1211.0
1789,04/07/2020,Delaware,928.0
1790,04/07/2020,Florida,14747.0
1791,04/07/2020,Georgia,8818.0
1792,04/07/2020,Guam,121.0
1793,04/07/2020,Hawaii,387.0
1794,04/07/2020,Iowa,1048.0
1795,04/07/2020,Idaho,1170.0
1796,04/07/2020,Illinois,13549.0
1797,04/07/2020,Indiana,5507.0
1798,04/07/2020,Kansas,900.0
1799,04/07/2020,Kentucky,1008.0
1800,04/07/2020,Louisiana,16284.0
1801,04/07/2020,Massachusetts,15202.0
1802,04/07/2020,Maryland,4371.0
1803,04/07/2020,Maine,519.0
1804,04/07/2020,Michigan,19823.0
1805,04/07/2020,Minnesota,1069.0
1806,04/07/2020,Missouri,3037.0
1807,04/07/2020,Northern Mariana Islands,8.0
1808,04/07/2020,Mississippi,1915.0
1809,04/07/2020,Montana,319.0
1810,04/07/2020,North Carolina,3221.0
1811,04/07/2020,North Dakota,237.0
1812,04/07/2020,Nebraska,447.0
1813,04/07/2020,New Hampshire,715.0
1814,04/07/2020,New Jersey,44416.0
1815,04/07/2020,New Mexico,686.0
1816,04/07/2020,Nevada,2087.0
1817,04/07/2020,New York,138863.0
1818,04/07/2020,Ohio,4782.0
1819,04/07/2020,Oklahoma,1472.0
1820,04/07/2020,Oregon,1181.0
1821,04/07/2020,Pennsylvania,14559.0
1822,04/07/2020,Puerto Rico,573.0
1823,04/07/2020,Rhode Island,1230.0
1824,04/07/2020,South Carolina,2417.0
1825,04/07/2020,South Dakota,320.0
1826,04/07/2020,Tennessee,4138.0
1827,04/07/2020,Texas,8262.0
1828,04/07/2020,Utah,1738.0
1829,04/07/2020,Virginia,3333.0
1830,04/07/2020,Virgin Islands,43.0
1831,04/07/2020,Vermont,575.0
1832,04/07/2020,Washington,9043.0
1833,04/07/2020,Wisconsin,2578.0
1834,04/07/2020,West Virginia,412.0
1835,04/07/2020,Wyoming,216.0
1836,04/08/2020,Alaska,226.0
1837,04/08/2020,Alabama,2369.0
1838,04/08/2020,Arkansas,1000.0
1839,04/08/2020,American Samoa,0.0
1840,04/08/2020,Arizona,2726.0
1841,04/08/2020,California,16957.0
1842,04/08/2020,Colorado,5429.0
1843,04/08/2020,Connecticut,7781.0
1844,04/08/2020,District of Columbia,1440.0
1845,04/08/2020,Delaware,928.0
1846,04/08/2020,Florida,15455.0
1847,04/08/2020,Georgia,9901.0
1848,04/08/2020,Guam,125.0
1849,04/08/2020,Hawaii,410.0
1850,04/08/2020,Iowa,1145.0
1851,04/08/2020,Idaho,1210.0
1852,04/08/2020,Illinois,15078.0
1853,04/08/2020,Indiana,5943.0
1854,04/08/2020,Kansas,900.0
1855,04/08/2020,Kentucky,1149.0
1856,04/08/2020,Louisiana,17030.0
1857,04/08/2020,Massachusetts,16790.0
1858,04/08/2020,Maryland,5529.0
1859,04/08/2020,Maine,537.0
1860,04/08/2020,Michigan,20589.0
1861,04/08/2020,Minnesota,1154.0
1862,04/08/2020,Missouri,3327.0
1863,04/08/2020,Northern Mariana Islands,11.0
1864,04/08/2020,Mississippi,2003.0
1865,04/08/2020,Montana,332.0
1866,04/08/2020,North Carolina,3426.0
1867,04/08/2020,North Dakota,251.0
1868,04/08/2020,Nebraska,519.0
1869,04/08/2020,New Hampshire,788.0
1870,04/08/2020,New Jersey,47437.0
1871,04/08/2020,New Mexico,794.0
1872,04/08/2020,Nevada,2318.0
1873,04/08/2020,New York,149316.0
1874,04/08/2020,Ohio,5148.0
1875,04/08/2020,Oklahoma,1524.0
1876,04/08/2020,Oregon,1239.0
1877,04/08/2020,Pennsylvania,16239.0
1878,04/08/2020,Puerto Rico,620.0
1879,04/08/2020,Rhode Island,1450.0
1880,04/08/2020,South Carolina,2552.0
1881,04/08/2020,South Dakota,393.0
1882,04/08/2020,Tennessee,4362.0
1883,04/08/2020,Texas,9353.0
1884,04/08/2020,Utah,1846.0
1885,04/08/2020,Virginia,3645.0
1886,04/08/2020,Virgin Islands,45.0
1887,04/08/2020,Vermont,605.0
1888,04/08/2020,Washington,9506.0
1889,04/08/2020,Wisconsin,2756.0
1890,04/08/2020,West Virginia,462.0
1891,04/08/2020,Wyoming,221.0
1892,04/09/2020,Alaska,235.0
1893,04/09/2020,Alabama,2769.0
1894,04/09/2020,Arkansas,1119.0
1895,04/09/2020,American Samoa,0.0
1896,04/09/2020,Arizona,3018.0
1897,04/09/2020,California,18309.0
1898,04/09/2020,Colorado,5655.0
1899,04/09/2020,Connecticut,9784.0
1900,04/09/2020,District of Columbia,1523.0
1901,04/09/2020,Delaware,1207.0
1902,04/09/2020,Florida,16364.0
1903,04/09/2020,Georgia,10566.0
1904,04/09/2020,Guam,128.0
1905,04/09/2020,Hawaii,435.0
1906,04/09/2020,Iowa,1270.0
1907,04/09/2020,Idaho,1232.0
1908,04/09/2020,Illinois,16422.0
1909,04/09/2020,Indiana,6351.0
1910,04/09/2020,Kansas,1106.0
1911,04/09/2020,Kentucky,1346.0
1912,04/09/2020,Louisiana,18283.0
1913,04/09/2020,Massachusetts,18941.0
1914,04/09/2020,Maryland,6185.0
1915,04/09/2020,Maine,560.0
1916,04/09/2020,Michigan,21504.0
1917,04/09/2020,Minnesota,1242.0
1918,04/09/2020,Missouri,3539.0
1919,04/09/2020,Northern Mariana Islands,11.0
1920,04/09/2020,Mississippi,2260.0
1921,04/09/2020,Montana,354.0
1922,04/09/2020,North Carolina,3651.0
1923,04/09/2020,North Dakota,269.0
1924,04/09/2020,Nebraska,567.0
1925,04/09/2020,New Hampshire,788.0
1926,04/09/2020,New Jersey,51027.0
1927,04/09/2020,New Mexico,865.0
1928,04/09/2020,Nevada,2456.0
1929,04/09/2020,New York,159937.0
1930,04/09/2020,Ohio,5512.0
1931,04/09/2020,Oklahoma,1684.0
1932,04/09/2020,Oregon,1321.0
1933,04/09/2020,Pennsylvania,18228.0
1934,04/09/2020,Puerto Rico,683.0
1935,04/09/2020,Rhode Island,1727.0
1936,04/09/2020,South Carolina,2792.0
1937,04/09/2020,South Dakota,447.0
1938,04/09/2020,Tennessee,4634.0
1939,04/09/2020,Texas,10230.0
1940,04/09/2020,Utah,1976.0
1941,04/09/2020,Virginia,4042.0
1942,04/09/2020,Virgin Islands,46.0
1943,04/09/2020,Vermont,628.0
1944,04/09/2020,Washington,9769.0
1945,04/09/2020,Wisconsin,2885.0
1946,04/09/2020,West Virginia,523.0
1947,04/09/2020,Wyoming,230.0
1948,04/10/2020,Alaska,246.0
1949,04/10/2020,Alabama,2968.0
1950,04/10/2020,Arkansas,1171.0
1951,04/10/2020,American Samoa,0.0
1952,04/10/2020,Arizona,3112.0
1953,04/10/2020,California,19472.0
1954,04/10/2020,Colorado,6510.0
1955,04/10/2020,Connecticut,10538.0
1956,04/10/2020,District of Columbia,1660.0
1957,04/10/2020,Delaware,1326.0
1958,04/10/2020,Florida,17531.0
1959,04/10/2020,Georgia,11483.0
1960,04/10/2020,Guam,130.0
1961,04/10/2020,Hawaii,442.0
1962,04/10/2020,Iowa,1388.0
1963,04/10/2020,Idaho,1353.0
1964,04/10/2020,Illinois,17887.0
1965,04/10/2020,Indiana,6907.0
1966,04/10/2020,Kansas,1166.0
1967,04/10/2020,Kentucky,1693.0
1968,04/10/2020,Louisiana,19253.0
1969,04/10/2020,Massachusetts,20974.0
1970,04/10/2020,Maryland,6968.0
1971,04/10/2020,Maine,586.0
1972,04/10/2020,Michigan,22783.0
1973,04/10/2020,Minnesota,1336.0
1974,04/10/2020,Missouri,3799.0
1975,04/10/2020,Northern Mariana Islands,11.0
1976,04/10/2020,Mississippi,2469.0
1977,04/10/2020,Montana,365.0
1978,04/10/2020,North Carolina,3908.0
1979,04/10/2020,North Dakota,278.0
1980,04/10/2020,Nebraska,635.0
1981,04/10/2020,New Hampshire,819.0
1982,04/10/2020,New Jersey,54588.0
1983,04/10/2020,New Mexico,1091.0
1984,04/10/2020,Nevada,2584.0
1985,04/10/2020,New York,170512.0
1986,04/10/2020,Ohio,5836.0
1987,04/10/2020,Oklahoma,1794.0
1988,04/10/2020,Oregon,1321.0
1989,04/10/2020,Pennsylvania,19979.0
1990,04/10/2020,Puerto Rico,725.0
1991,04/10/2020,Rhode Island,2015.0
1992,04/10/2020,South Carolina,3065.0
1993,04/10/2020,South Dakota,536.0
1994,04/10/2020,Tennessee,4862.0
1995,04/10/2020,Texas,11671.0
1996,04/10/2020,Utah,2102.0
1997,04/10/2020,Virginia,4509.0
1998,04/10/2020,Virgin Islands,50.0
1999,04/10/2020,Vermont,679.0
2000,04/10/2020,Washington,10224.0
2001,04/10/2020,Wisconsin,3068.0
2002,04/10/2020,West Virginia,554.0
2003,04/10/2020,Wyoming,320.0
2004,04/11/2020,Alaska,257.0
2005,04/11/2020,Alabama,3191.0
2006,04/11/2020,Arkansas,1226.0
2007,04/11/2020,American Samoa,0.0
2008,04/11/2020,Arizona,3393.0
2009,04/11/2020,California,19472.0
2010,04/11/2020,Colorado,6510.0
2011,04/11/2020,Connecticut,11510.0
2012,04/11/2020,District of Columbia,1778.0
2013,04/11/2020,Delaware,1479.0
2014,04/11/2020,Florida,18494.0
2015,04/11/2020,Georgia,12159.0
2016,04/11/2020,Guam,133.0
2017,04/11/2020,Hawaii,465.0
2018,04/11/2020,Iowa,1510.0
2019,04/11/2020,Idaho,1396.0
2020,04/11/2020,Illinois,19180.0
2021,04/11/2020,Indiana,7435.0
2022,04/11/2020,Kansas,1268.0
2023,04/11/2020,Kentucky,1693.0
2024,04/11/2020,Louisiana,20014.0
2025,04/11/2020,Massachusetts,22860.0
2026,04/11/2020,Maryland,7694.0
2027,04/11/2020,Maine,616.0
2028,04/11/2020,Michigan,23993.0
2029,04/11/2020,Minnesota,1427.0
2030,04/11/2020,Missouri,4024.0
2031,04/11/2020,Northern Mariana Islands,11.0
2032,04/11/2020,Mississippi,2642.0
2033,04/11/2020,Montana,377.0
2034,04/11/2020,North Carolina,4312.0
2035,04/11/2020,North Dakota,293.0
2036,04/11/2020,Nebraska,700.0
2037,04/11/2020,New Hampshire,885.0
2038,04/11/2020,New Jersey,58151.0
2039,04/11/2020,New Mexico,1091.0
2040,04/11/2020,Nevada,2700.0
2041,04/11/2020,New York,180458.0
2042,04/11/2020,Ohio,6187.0
2043,04/11/2020,Oklahoma,1868.0
2044,04/11/2020,Oregon,1371.0
2045,04/11/2020,Pennsylvania,21655.0
2046,04/11/2020,Puerto Rico,788.0
2047,04/11/2020,Rhode Island,2349.0
2048,04/11/2020,South Carolina,3207.0
2049,04/11/2020,South Dakota,626.0
2050,04/11/2020,Tennessee,5114.0
2051,04/11/2020,Texas,12561.0
2052,04/11/2020,Utah,2206.0
2053,04/11/2020,Virginia,5077.0
2054,04/11/2020,Virgin Islands,51.0
2055,04/11/2020,Vermont,711.0
2056,04/11/2020,Washington,10224.0
2057,04/11/2020,Wisconsin,3213.0
2058,04/11/2020,West Virginia,577.0
2059,04/11/2020,Wyoming,261.0
2060,04/12/2020,Alaska,272.0
2061,04/12/2020,Alabama,3525.0
2062,04/12/2020,Arkansas,1280.0
2063,04/12/2020,American Samoa,0.0
2064,04/12/2020,Arizona,3539.0
2065,04/12/2020,California,21794.0
2066,04/12/2020,Colorado,6893.0
2067,04/12/2020,Connecticut,12035.0
2068,04/12/2020,District of Columbia,1875.0
2069,04/12/2020,Delaware,1479.0
2070,04/12/2020,Florida,19355.0
2071,04/12/2020,Georgia,12452.0
2072,04/12/2020,Guam,133.0
2073,04/12/2020,Hawaii,486.0
2074,04/12/2020,Iowa,1587.0
2075,04/12/2020,Idaho,1407.0
2076,04/12/2020,Illinois,20852.0
2077,04/12/2020,Indiana,7928.0
2078,04/12/2020,Kansas,1337.0
2079,04/12/2020,Kentucky,1840.0
2080,04/12/2020,Louisiana,20595.0
2081,04/12/2020,Massachusetts,25475.0
2082,04/12/2020,Maryland,8225.0
2083,04/12/2020,Maine,633.0
2084,04/12/2020,Michigan,24638.0
2085,04/12/2020,Minnesota,1621.0
2086,04/12/2020,Missouri,4160.0
2087,04/12/2020,Northern Mariana Islands,11.0
2088,04/12/2020,Mississippi,2781.0
2089,04/12/2020,Montana,387.0
2090,04/12/2020,North Carolina,4520.0
2091,04/12/2020,North Dakota,308.0
2092,04/12/2020,Nebraska,791.0
2093,04/12/2020,New Hampshire,929.0
2094,04/12/2020,New Jersey,61850.0
2095,04/12/2020,New Mexico,1174.0
2096,04/12/2020,Nevada,2836.0
2097,04/12/2020,New York,188694.0
2098,04/12/2020,Ohio,6604.0
2099,04/12/2020,Oklahoma,1970.0
2100,04/12/2020,Oregon,1527.0
2101,04/12/2020,Pennsylvania,22833.0
2102,04/12/2020,Puerto Rico,897.0
2103,04/12/2020,Rhode Island,2665.0
2104,04/12/2020,South Carolina,3319.0
2105,04/12/2020,South Dakota,730.0
2106,04/12/2020,Tennessee,5308.0
2107,04/12/2020,Texas,13484.0
2108,04/12/2020,Utah,2303.0
2109,04/12/2020,Virginia,5274.0
2110,04/12/2020,Virgin Islands,51.0
2111,04/12/2020,Vermont,727.0
2112,04/12/2020,Washington,10224.0
2113,04/12/2020,Wisconsin,3341.0
2114,04/12/2020,West Virginia,611.0
2115,04/12/2020,Wyoming,261.0
2116,04/13/2020,Alaska,277.0
2117,04/13/2020,Alabama,3734.0
2118,04/13/2020,Arkansas,1410.0
2119,04/13/2020,American Samoa,0.0
2120,04/13/2020,Arizona,3702.0
2121,04/13/2020,California,22348.0
2122,04/13/2020,Colorado,7684.0
2123,04/13/2020,Connecticut,13381.0
2124,04/13/2020,District of Columbia,1955.0
2125,04/13/2020,Delaware,1625.0
2126,04/13/2020,Florida,20601.0
2127,04/13/2020,Georgia,13315.0
2128,04/13/2020,Guam,135.0
2129,04/13/2020,Hawaii,499.0
2130,04/13/2020,Iowa,1710.0
2131,04/13/2020,Idaho,1426.0
2132,04/13/2020,Illinois,22025.0
2133,04/13/2020,Indiana,8236.0
2134,04/13/2020,Kansas,1376.0
2135,04/13/2020,Kentucky,1963.0
2136,04/13/2020,Louisiana,21016.0
2137,04/13/2020,Massachusetts,26867.0
2138,04/13/2020,Maryland,8936.0
2139,04/13/2020,Maine,698.0
2140,04/13/2020,Michigan,25635.0
2141,04/13/2020,Minnesota,1650.0
2142,04/13/2020,Missouri,4388.0
2143,04/13/2020,Northern Mariana Islands,11.0
2144,04/13/2020,Mississippi,2942.0
2145,04/13/2020,Montana,394.0
2146,04/13/2020,North Carolina,4816.0
2147,04/13/2020,North Dakota,331.0
2148,04/13/2020,Nebraska,814.0
2149,04/13/2020,New Hampshire,985.0
2150,04/13/2020,New Jersey,64584.0
2151,04/13/2020,New Mexico,1245.0
2152,04/13/2020,Nevada,2971.0
2153,04/13/2020,New York,195031.0
2154,04/13/2020,Ohio,6975.0
2155,04/13/2020,Oklahoma,2069.0
2156,04/13/2020,Oregon,1584.0
2157,04/13/2020,Pennsylvania,24199.0
2158,04/13/2020,Puerto Rico,903.0
2159,04/13/2020,Rhode Island,2976.0
2160,04/13/2020,South Carolina,3319.0
2161,04/13/2020,South Dakota,868.0
2162,04/13/2020,Tennessee,5610.0
2163,04/13/2020,Texas,13906.0
2164,04/13/2020,Utah,2363.0
2165,04/13/2020,Virginia,5747.0
2166,04/13/2020,Virgin Islands,51.0
2167,04/13/2020,Vermont,748.0
2168,04/13/2020,Washington,10411.0
2169,04/13/2020,Wisconsin,3428.0
2170,04/13/2020,West Virginia,626.0
2171,04/13/2020,Wyoming,275.0
2172,04/14/2020,Alaska,285.0
2173,04/14/2020,Alabama,3876.0
2174,04/14/2020,Arkansas,1480.0
2175,04/14/2020,American Samoa,0.0
2176,04/14/2020,Arizona,3806.0
2177,04/14/2020,California,23338.0
2178,04/14/2020,Colorado,7691.0
2179,04/14/2020,Connecticut,13989.0
2180,04/14/2020,District of Columbia,2058.0
2181,04/14/2020,Delaware,1761.0
2182,04/14/2020,Florida,21367.0
2183,04/14/2020,Georgia,14223.0
2184,04/14/2020,Guam,135.0
2185,04/14/2020,Hawaii,504.0
2186,04/14/2020,Iowa,1899.0
2187,04/14/2020,Idaho,1453.0
2188,04/14/2020,Illinois,23247.0
2189,04/14/2020,Indiana,8527.0
2190,04/14/2020,Kansas,1426.0
2191,04/14/2020,Kentucky,2048.0
2192,04/14/2020,Louisiana,21518.0
2193,04/14/2020,Massachusetts,28163.0
2194,04/14/2020,Maryland,9472.0
2195,04/14/2020,Maine,734.0
2196,04/14/2020,Michigan,27001.0
2197,04/14/2020,Minnesota,1695.0
2198,04/14/2020,Missouri,4686.0
2199,04/14/2020,Northern Mariana Islands,13.0
2200,04/14/2020,Mississippi,3087.0
2201,04/14/2020,Montana,399.0
2202,04/14/2020,North Carolina,5024.0
2203,04/14/2020,North Dakota,341.0
2204,04/14/2020,Nebraska,871.0
2205,04/14/2020,New Hampshire,1020.0
2206,04/14/2020,New Jersey,68824.0
2207,04/14/2020,New Mexico,1345.0
2208,04/14/2020,Nevada,3088.0
2209,04/14/2020,New York,202208.0
2210,04/14/2020,Ohio,7153.0
2211,04/14/2020,Oklahoma,2184.0
2212,04/14/2020,Oregon,1633.0
2213,04/14/2020,Pennsylvania,25345.0
2214,04/14/2020,Puerto Rico,923.0
2215,04/14/2020,Rhode Island,3251.0
2216,04/14/2020,South Carolina,3553.0
2217,04/14/2020,South Dakota,988.0
2218,04/14/2020,Tennessee,5823.0
2219,04/14/2020,Texas,14624.0
2220,04/14/2020,Utah,2412.0
2221,04/14/2020,Virginia,6171.0
2222,04/14/2020,Virgin Islands,51.0
2223,04/14/2020,Vermont,752.0
2224,04/14/2020,Washington,10538.0
2225,04/14/2020,Wisconsin,3555.0
2226,04/14/2020,West Virginia,640.0
2227,04/14/2020,Wyoming,275.0
2228,04/15/2020,Alaska,293.0
2229,04/15/2020,Alabama,4113.0
2230,04/15/2020,Arkansas,1569.0
2231,04/15/2020,American Samoa,0.0
2232,04/15/2020,Arizona,3962.0
2233,04/15/2020,California,24424.0
2234,04/15/2020,Colorado,7941.0
2235,04/15/2020,Connecticut,14755.0
2236,04/15/2020,District of Columbia,2197.0
2237,04/15/2020,Delaware,2014.0
2238,04/15/2020,Florida,22511.0
2239,04/15/2020,Georgia,14987.0
2240,04/15/2020,Guam,135.0
2241,04/15/2020,Hawaii,517.0
2242,04/15/2020,Iowa,1995.0
2243,04/15/2020,Idaho,1464.0
2244,04/15/2020,Illinois,24593.0
2245,04/15/2020,Indiana,8955.0
2246,04/15/2020,Kansas,1494.0
2247,04/15/2020,Kentucky,2210.0
2248,04/15/2020,Louisiana,21951.0
2249,04/15/2020,Massachusetts,29918.0
2250,04/15/2020,Maryland,10032.0
2251,04/15/2020,Maine,770.0
2252,04/15/2020,Michigan,28059.0
2253,04/15/2020,Minnesota,1809.0
2254,04/15/2020,Missouri,4895.0
2255,04/15/2020,Northern Mariana Islands,13.0
2256,04/15/2020,Mississippi,3360.0
2257,04/15/2020,Montana,404.0
2258,04/15/2020,North Carolina,5123.0
2259,04/15/2020,North Dakota,365.0
2260,04/15/2020,Nebraska,901.0
2261,04/15/2020,New Hampshire,1139.0
2262,04/15/2020,New Jersey,71030.0
2263,04/15/2020,New Mexico,1407.0
2264,04/15/2020,Nevada,3211.0
2265,04/15/2020,New York,213779.0
2266,04/15/2020,Ohio,7791.0
2267,04/15/2020,Oklahoma,2263.0
2268,04/15/2020,Oregon,1663.0
2269,04/15/2020,Pennsylvania,26490.0
2270,04/15/2020,Puerto Rico,974.0
2271,04/15/2020,Rhode Island,3529.0
2272,04/15/2020,South Carolina,3656.0
2273,04/15/2020,South Dakota,1168.0
2274,04/15/2020,Tennessee,6079.0
2275,04/15/2020,Texas,15492.0
2276,04/15/2020,Utah,2542.0
2277,04/15/2020,Virginia,6500.0
2278,04/15/2020,Virgin Islands,51.0
2279,04/15/2020,Vermont,759.0
2280,04/15/2020,Washington,10694.0
2281,04/15/2020,Wisconsin,3721.0
2282,04/15/2020,West Virginia,702.0
2283,04/15/2020,Wyoming,287.0
2284,04/16/2020,Alaska,300.0
2285,04/16/2020,Alabama,4345.0
2286,04/16/2020,Arkansas,1620.0
2287,04/16/2020,American Samoa,0.0
2288,04/16/2020,Arizona,4234.0
2289,04/16/2020,California,26182.0
2290,04/16/2020,Colorado,8280.0
2291,04/16/2020,Connecticut,15884.0
2292,04/16/2020,District of Columbia,2350.0
2293,04/16/2020,Delaware,2075.0
2294,04/16/2020,Florida,22897.0
2295,04/16/2020,Georgia,15669.0
2296,04/16/2020,Guam,135.0
2297,04/16/2020,Hawaii,530.0
2298,04/16/2020,Iowa,2141.0
2299,04/16/2020,Idaho,1587.0
2300,04/16/2020,Illinois,25733.0
2301,04/16/2020,Indiana,9542.0
2302,04/16/2020,Kansas,1588.0
2303,04/16/2020,Kentucky,2291.0
2304,04/16/2020,Louisiana,22532.0
2305,04/16/2020,Massachusetts,32181.0
2306,04/16/2020,Maryland,10784.0
2307,04/16/2020,Maine,796.0
2308,04/16/2020,Michigan,29263.0
2309,04/16/2020,Minnesota,1912.0
2310,04/16/2020,Missouri,5111.0
2311,04/16/2020,Northern Mariana Islands,13.0
2312,04/16/2020,Mississippi,3624.0
2313,04/16/2020,Montana,415.0
2314,04/16/2020,North Carolina,5465.0
2315,04/16/2020,North Dakota,393.0
2316,04/16/2020,Nebraska,952.0
2317,04/16/2020,New Hampshire,1139.0
2318,04/16/2020,New Jersey,75317.0
2319,04/16/2020,New Mexico,1484.0
2320,04/16/2020,Nevada,3321.0
2321,04/16/2020,New York,222284.0
2322,04/16/2020,Ohio,8414.0
2323,04/16/2020,Oklahoma,2357.0
2324,04/16/2020,Oregon,1736.0
2325,04/16/2020,Pennsylvania,27735.0
2326,04/16/2020,Puerto Rico,1043.0
2327,04/16/2020,Rhode Island,3838.0
2328,04/16/2020,South Carolina,3656.0
2329,04/16/2020,South Dakota,1311.0
2330,04/16/2020,Tennessee,6262.0
2331,04/16/2020,Texas,16455.0
2332,04/16/2020,Utah,2683.0
2333,04/16/2020,Virginia,6889.0
2334,04/16/2020,Virgin Islands,51.0
2335,04/16/2020,Vermont,768.0
2336,04/16/2020,Washington,10783.0
2337,04/16/2020,Wisconsin,3875.0
2338,04/16/2020,West Virginia,739.0
2339,04/16/2020,Wyoming,296.0
