,date,state,positive
0,20200416,AK,300.0
1,20200416,AL,4345.0
2,20200416,AR,1620.0
3,20200416,AS,0.0
4,20200416,AZ,4234.0
5,20200416,CA,26182.0
6,20200416,CO,8280.0
7,20200416,CT,15884.0
8,20200416,DC,2350.0
9,20200416,DE,2075.0
10,20200416,FL,22897.0
11,20200416,GA,15669.0
12,20200416,GU,135.0
13,20200416,HI,530.0
14,20200416,IA,2141.0
15,20200416,ID,1587.0
16,20200416,IL,25733.0
17,20200416,IN,9542.0
18,20200416,KS,1588.0
19,20200416,KY,2291.0
20,20200416,LA,22532.0
21,20200416,MA,32181.0
22,20200416,MD,10784.0
23,20200416,ME,796.0
24,20200416,MI,29263.0
25,20200416,MN,1912.0
26,20200416,MO,5111.0
27,20200416,MP,13.0
28,20200416,MS,3624.0
29,20200416,MT,415.0
30,20200416,NC,5465.0
31,20200416,ND,393.0
32,20200416,NE,952.0
33,20200416,NH,1139.0
34,20200416,NJ,75317.0
35,20200416,NM,1484.0
36,20200416,NV,3321.0
37,20200416,NY,222284.0
38,20200416,OH,8414.0
39,20200416,OK,2357.0
40,20200416,OR,1736.0
41,20200416,PA,27735.0
42,20200416,PR,1043.0
43,20200416,RI,3838.0
44,20200416,SC,3656.0
45,20200416,SD,1311.0
46,20200416,TN,6262.0
47,20200416,TX,16455.0
48,20200416,UT,2683.0
49,20200416,VA,6889.0
50,20200416,VI,51.0
51,20200416,VT,768.0
52,20200416,WA,10783.0
53,20200416,WI,3875.0
54,20200416,WV,739.0
55,20200416,WY,296.0
56,20200415,AK,293.0
57,20200415,AL,4113.0
58,20200415,AR,1569.0
59,20200415,AS,0.0
60,20200415,AZ,3962.0
61,20200415,CA,24424.0
62,20200415,CO,7941.0
63,20200415,CT,14755.0
64,20200415,DC,2197.0
65,20200415,DE,2014.0
66,20200415,FL,22511.0
67,20200415,GA,14987.0
68,20200415,GU,135.0
69,20200415,HI,517.0
70,20200415,IA,1995.0
71,20200415,ID,1464.0
72,20200415,IL,24593.0
73,20200415,IN,8955.0
74,20200415,KS,1494.0
75,20200415,KY,2210.0
76,20200415,LA,21951.0
77,20200415,MA,29918.0
78,20200415,MD,10032.0
79,20200415,ME,770.0
80,20200415,MI,28059.0
81,20200415,MN,1809.0
82,20200415,MO,4895.0
83,20200415,MP,13.0
84,20200415,MS,3360.0
85,20200415,MT,404.0
86,20200415,NC,5123.0
87,20200415,ND,365.0
88,20200415,NE,901.0
89,20200415,NH,1139.0
90,20200415,NJ,71030.0
91,20200415,NM,1407.0
92,20200415,NV,3211.0
93,20200415,NY,213779.0
94,20200415,OH,7791.0
95,20200415,OK,2263.0
96,20200415,OR,1663.0
97,20200415,PA,26490.0
98,20200415,PR,974.0
99,20200415,RI,3529.0
100,20200415,SC,3656.0
101,20200415,SD,1168.0
102,20200415,TN,6079.0
103,20200415,TX,15492.0
104,20200415,UT,2542.0
105,20200415,VA,6500.0
106,20200415,VI,51.0
107,20200415,VT,759.0
108,20200415,WA,10694.0
109,20200415,WI,3721.0
110,20200415,WV,702.0
111,20200415,WY,287.0
112,20200414,AK,285.0
113,20200414,AL,3876.0
114,20200414,AR,1480.0
115,20200414,AS,0.0
116,20200414,AZ,3806.0
117,20200414,CA,23338.0
118,20200414,CO,7691.0
119,20200414,CT,13989.0
120,20200414,DC,2058.0
121,20200414,DE,1761.0
122,20200414,FL,21367.0
123,20200414,GA,14223.0
124,20200414,GU,135.0
125,20200414,HI,504.0
126,20200414,IA,1899.0
127,20200414,ID,1453.0
128,20200414,IL,23247.0
129,20200414,IN,8527.0
130,20200414,KS,1426.0
131,20200414,KY,2048.0
132,20200414,LA,21518.0
133,20200414,MA,28163.0
134,20200414,MD,9472.0
135,20200414,ME,734.0
136,20200414,MI,27001.0
137,20200414,MN,1695.0
138,20200414,MO,4686.0
139,20200414,MP,13.0
140,20200414,MS,3087.0
141,20200414,MT,399.0
142,20200414,NC,5024.0
143,20200414,ND,341.0
144,20200414,NE,871.0
145,20200414,NH,1020.0
146,20200414,NJ,68824.0
147,20200414,NM,1345.0
148,20200414,NV,3088.0
149,20200414,NY,202208.0
150,20200414,OH,7153.0
151,20200414,OK,2184.0
152,20200414,OR,1633.0
153,20200414,PA,25345.0
154,20200414,PR,923.0
155,20200414,RI,3251.0
156,20200414,SC,3553.0
157,20200414,SD,988.0
158,20200414,TN,5823.0
159,20200414,TX,14624.0
160,20200414,UT,2412.0
161,20200414,VA,6171.0
162,20200414,VI,51.0
163,20200414,VT,752.0
164,20200414,WA,10538.0
165,20200414,WI,3555.0
166,20200414,WV,640.0
167,20200414,WY,275.0
168,20200413,AK,277.0
169,20200413,AL,3734.0
170,20200413,AR,1410.0
171,20200413,AS,0.0
172,20200413,AZ,3702.0
173,20200413,CA,22348.0
174,20200413,CO,7684.0
175,20200413,CT,13381.0
176,20200413,DC,1955.0
177,20200413,DE,1625.0
178,20200413,FL,20601.0
179,20200413,GA,13315.0
180,20200413,GU,135.0
181,20200413,HI,499.0
182,20200413,IA,1710.0
183,20200413,ID,1426.0
184,20200413,IL,22025.0
185,20200413,IN,8236.0
186,20200413,KS,1376.0
187,20200413,KY,1963.0
188,20200413,LA,21016.0
189,20200413,MA,26867.0
190,20200413,MD,8936.0
191,20200413,ME,698.0
192,20200413,MI,25635.0
193,20200413,MN,1650.0
194,20200413,MO,4388.0
195,20200413,MP,11.0
196,20200413,MS,2942.0
197,20200413,MT,394.0
198,20200413,NC,4816.0
199,20200413,ND,331.0
200,20200413,NE,814.0
201,20200413,NH,985.0
202,20200413,NJ,64584.0
203,20200413,NM,1245.0
204,20200413,NV,2971.0
205,20200413,NY,195031.0
206,20200413,OH,6975.0
207,20200413,OK,2069.0
208,20200413,OR,1584.0
209,20200413,PA,24199.0
210,20200413,PR,903.0
211,20200413,RI,2976.0
212,20200413,SC,3319.0
213,20200413,SD,868.0
214,20200413,TN,5610.0
215,20200413,TX,13906.0
216,20200413,UT,2363.0
217,20200413,VA,5747.0
218,20200413,VI,51.0
219,20200413,VT,748.0
220,20200413,WA,10411.0
221,20200413,WI,3428.0
222,20200413,WV,626.0
223,20200413,WY,275.0
224,20200412,AK,272.0
225,20200412,AL,3525.0
226,20200412,AR,1280.0
227,20200412,AS,0.0
228,20200412,AZ,3539.0
229,20200412,CA,21794.0
230,20200412,CO,6893.0
231,20200412,CT,12035.0
232,20200412,DC,1875.0
233,20200412,DE,1479.0
234,20200412,FL,19355.0
235,20200412,GA,12452.0
236,20200412,GU,133.0
237,20200412,HI,486.0
238,20200412,IA,1587.0
239,20200412,ID,1407.0
240,20200412,IL,20852.0
241,20200412,IN,7928.0
242,20200412,KS,1337.0
243,20200412,KY,1840.0
244,20200412,LA,20595.0
245,20200412,MA,25475.0
246,20200412,MD,8225.0
247,20200412,ME,633.0
248,20200412,MI,24638.0
249,20200412,MN,1621.0
250,20200412,MO,4160.0
251,20200412,MP,11.0
252,20200412,MS,2781.0
253,20200412,MT,387.0
254,20200412,NC,4520.0
255,20200412,ND,308.0
256,20200412,NE,791.0
257,20200412,NH,929.0
258,20200412,NJ,61850.0
259,20200412,NM,1174.0
260,20200412,NV,2836.0
261,20200412,NY,188694.0
262,20200412,OH,6604.0
263,20200412,OK,1970.0
264,20200412,OR,1527.0
265,20200412,PA,22833.0
266,20200412,PR,897.0
267,20200412,RI,2665.0
268,20200412,SC,3319.0
269,20200412,SD,730.0
270,20200412,TN,5308.0
271,20200412,TX,13484.0
272,20200412,UT,2303.0
273,20200412,VA,5274.0
274,20200412,VI,51.0
275,20200412,VT,727.0
276,20200412,WA,10224.0
277,20200412,WI,3341.0
278,20200412,WV,611.0
279,20200412,WY,261.0
280,20200411,AK,257.0
281,20200411,AL,3191.0
282,20200411,AR,1226.0
283,20200411,AS,0.0
284,20200411,AZ,3393.0
285,20200411,CA,19472.0
286,20200411,CO,6510.0
287,20200411,CT,11510.0
288,20200411,DC,1778.0
289,20200411,DE,1479.0
290,20200411,FL,18494.0
291,20200411,GA,12159.0
292,20200411,GU,133.0
293,20200411,HI,465.0
294,20200411,IA,1510.0
295,20200411,ID,1396.0
296,20200411,IL,19180.0
297,20200411,IN,7435.0
298,20200411,KS,1268.0
299,20200411,KY,1693.0
300,20200411,LA,20014.0
301,20200411,MA,22860.0
302,20200411,MD,7694.0
303,20200411,ME,616.0
304,20200411,MI,23993.0
305,20200411,MN,1427.0
306,20200411,MO,4024.0
307,20200411,MP,11.0
308,20200411,MS,2642.0
309,20200411,MT,377.0
310,20200411,NC,4312.0
311,20200411,ND,293.0
312,20200411,NE,700.0
313,20200411,NH,885.0
314,20200411,NJ,58151.0
315,20200411,NM,1091.0
316,20200411,NV,2700.0
317,20200411,NY,180458.0
318,20200411,OH,6187.0
319,20200411,OK,1868.0
320,20200411,OR,1371.0
321,20200411,PA,21655.0
322,20200411,PR,788.0
323,20200411,RI,2349.0
324,20200411,SC,3207.0
325,20200411,SD,626.0
326,20200411,TN,5114.0
327,20200411,TX,12561.0
328,20200411,UT,2206.0
329,20200411,VA,5077.0
330,20200411,VI,51.0
331,20200411,VT,711.0
332,20200411,WA,10224.0
333,20200411,WI,3213.0
334,20200411,WV,577.0
335,20200411,WY,261.0
336,20200410,AK,246.0
337,20200410,AL,2968.0
338,20200410,AR,1171.0
339,20200410,AS,0.0
340,20200410,AZ,3112.0
341,20200410,CA,19472.0
342,20200410,CO,6510.0
343,20200410,CT,10538.0
344,20200410,DC,1660.0
345,20200410,DE,1326.0
346,20200410,FL,17531.0
347,20200410,GA,11483.0
348,20200410,GU,130.0
349,20200410,HI,442.0
350,20200410,IA,1388.0
351,20200410,ID,1353.0
352,20200410,IL,17887.0
353,20200410,IN,6907.0
354,20200410,KS,1166.0
355,20200410,KY,1693.0
356,20200410,LA,19253.0
357,20200410,MA,20974.0
358,20200410,MD,6968.0
359,20200410,ME,586.0
360,20200410,MI,22783.0
361,20200410,MN,1336.0
362,20200410,MO,3799.0
363,20200410,MP,11.0
364,20200410,MS,2469.0
365,20200410,MT,365.0
366,20200410,NC,3908.0
367,20200410,ND,278.0
368,20200410,NE,635.0
369,20200410,NH,819.0
370,20200410,NJ,54588.0
371,20200410,NM,1091.0
372,20200410,NV,2584.0
373,20200410,NY,170512.0
374,20200410,OH,5836.0
375,20200410,OK,1794.0
376,20200410,OR,1321.0
377,20200410,PA,19979.0
378,20200410,PR,725.0
379,20200410,RI,2015.0
380,20200410,SC,3065.0
381,20200410,SD,536.0
382,20200410,TN,4862.0
383,20200410,TX,11671.0
384,20200410,UT,2102.0
385,20200410,VA,4509.0
386,20200410,VI,50.0
387,20200410,VT,679.0
388,20200410,WA,10224.0
389,20200410,WI,3068.0
390,20200410,WV,554.0
391,20200410,WY,320.0
392,20200409,AK,235.0
393,20200409,AL,2769.0
394,20200409,AR,1119.0
395,20200409,AS,0.0
396,20200409,AZ,3018.0
397,20200409,CA,18309.0
398,20200409,CO,5655.0
399,20200409,CT,9784.0
400,20200409,DC,1523.0
401,20200409,DE,1207.0
402,20200409,FL,16364.0
403,20200409,GA,10566.0
404,20200409,GU,128.0
405,20200409,HI,435.0
406,20200409,IA,1270.0
407,20200409,ID,1232.0
408,20200409,IL,16422.0
409,20200409,IN,6351.0
410,20200409,KS,1106.0
411,20200409,KY,1346.0
412,20200409,LA,18283.0
413,20200409,MA,18941.0
414,20200409,MD,6185.0
415,20200409,ME,560.0
416,20200409,MI,21504.0
417,20200409,MN,1242.0
418,20200409,MO,3539.0
419,20200409,MP,11.0
420,20200409,MS,2260.0
421,20200409,MT,354.0
422,20200409,NC,3651.0
423,20200409,ND,269.0
424,20200409,NE,567.0
425,20200409,NH,788.0
426,20200409,NJ,51027.0
427,20200409,NM,865.0
428,20200409,NV,2456.0
429,20200409,NY,159937.0
430,20200409,OH,5512.0
431,20200409,OK,1684.0
432,20200409,OR,1321.0
433,20200409,PA,18228.0
434,20200409,PR,683.0
435,20200409,RI,1727.0
436,20200409,SC,2792.0
437,20200409,SD,447.0
438,20200409,TN,4634.0
439,20200409,TX,10230.0
440,20200409,UT,1976.0
441,20200409,VA,4042.0
442,20200409,VI,46.0
443,20200409,VT,628.0
444,20200409,WA,9769.0
445,20200409,WI,2885.0
446,20200409,WV,523.0
447,20200409,WY,230.0
448,20200408,AK,226.0
449,20200408,AL,2369.0
450,20200408,AR,1000.0
451,20200408,AS,0.0
452,20200408,AZ,2726.0
453,20200408,CA,16957.0
454,20200408,CO,5429.0
455,20200408,CT,7781.0
456,20200408,DC,1440.0
457,20200408,DE,928.0
458,20200408,FL,15455.0
459,20200408,GA,9901.0
460,20200408,GU,125.0
461,20200408,HI,410.0
462,20200408,IA,1145.0
463,20200408,ID,1210.0
464,20200408,IL,15078.0
465,20200408,IN,5943.0
466,20200408,KS,900.0
467,20200408,KY,1149.0
468,20200408,LA,17030.0
469,20200408,MA,16790.0
470,20200408,MD,5529.0
471,20200408,ME,537.0
472,20200408,MI,20589.0
473,20200408,MN,1154.0
474,20200408,MO,3327.0
475,20200408,MP,11.0
476,20200408,MS,2003.0
477,20200408,MT,332.0
478,20200408,NC,3426.0
479,20200408,ND,251.0
480,20200408,NE,519.0
481,20200408,NH,788.0
482,20200408,NJ,47437.0
483,20200408,NM,794.0
484,20200408,NV,2318.0
485,20200408,NY,149316.0
486,20200408,OH,5148.0
487,20200408,OK,1524.0
488,20200408,OR,1239.0
489,20200408,PA,16239.0
490,20200408,PR,620.0
491,20200408,RI,1450.0
492,20200408,SC,2552.0
493,20200408,SD,393.0
494,20200408,TN,4362.0
495,20200408,TX,9353.0
496,20200408,UT,1846.0
497,20200408,VA,3645.0
498,20200408,VI,45.0
499,20200408,VT,605.0
500,20200408,WA,9506.0
501,20200408,WI,2756.0
502,20200408,WV,462.0
503,20200408,WY,221.0
504,20200407,AK,213.0
505,20200407,AL,2119.0
506,20200407,AR,946.0
507,20200407,AS,0.0
508,20200407,AZ,2575.0
509,20200407,CA,15865.0
510,20200407,CO,5172.0
511,20200407,CT,7781.0
512,20200407,DC,1211.0
513,20200407,DE,928.0
514,20200407,FL,14747.0
515,20200407,GA,8818.0
516,20200407,GU,121.0
517,20200407,HI,387.0
518,20200407,IA,1048.0
519,20200407,ID,1170.0
520,20200407,IL,13549.0
521,20200407,IN,5507.0
522,20200407,KS,900.0
523,20200407,KY,1008.0
524,20200407,LA,16284.0
525,20200407,MA,15202.0
526,20200407,MD,4371.0
527,20200407,ME,519.0
528,20200407,MI,19823.0
529,20200407,MN,1069.0
530,20200407,MO,3037.0
531,20200407,MP,8.0
532,20200407,MS,1915.0
533,20200407,MT,319.0
534,20200407,NC,3221.0
535,20200407,ND,237.0
536,20200407,NE,447.0
537,20200407,NH,715.0
538,20200407,NJ,44416.0
539,20200407,NM,686.0
540,20200407,NV,2087.0
541,20200407,NY,138863.0
542,20200407,OH,4782.0
543,20200407,OK,1472.0
544,20200407,OR,1181.0
545,20200407,PA,14559.0
546,20200407,PR,573.0
547,20200407,RI,1230.0
548,20200407,SC,2417.0
549,20200407,SD,320.0
550,20200407,TN,4138.0
551,20200407,TX,8262.0
552,20200407,UT,1738.0
553,20200407,VA,3333.0
554,20200407,VI,43.0
555,20200407,VT,575.0
556,20200407,WA,9043.0
557,20200407,WI,2578.0
558,20200407,WV,412.0
559,20200407,WY,216.0
560,20200406,AK,191.0
561,20200406,AL,1968.0
562,20200406,AR,875.0
563,20200406,AS,0.0
564,20200406,AZ,2456.0
565,20200406,CA,14336.0
566,20200406,CO,4950.0
567,20200406,CT,6906.0
568,20200406,DC,1097.0
569,20200406,DE,673.0
570,20200406,FL,13324.0
571,20200406,GA,7314.0
572,20200406,GU,113.0
573,20200406,HI,371.0
574,20200406,IA,946.0
575,20200406,ID,1101.0
576,20200406,IL,12262.0
577,20200406,IN,4944.0
578,20200406,KS,845.0
579,20200406,KY,955.0
580,20200406,LA,14867.0
581,20200406,MA,13837.0
582,20200406,MD,4045.0
583,20200406,ME,499.0
584,20200406,MI,18850.0
585,20200406,MN,986.0
586,20200406,MO,2722.0
587,20200406,MP,8.0
588,20200406,MS,1738.0
589,20200406,MT,299.0
590,20200406,NC,2870.0
591,20200406,ND,225.0
592,20200406,NE,409.0
593,20200406,NH,669.0
594,20200406,NJ,41090.0
595,20200406,NM,624.0
596,20200406,NV,1953.0
597,20200406,NY,130689.0
598,20200406,OH,4450.0
599,20200406,OK,1327.0
600,20200406,OR,1132.0
601,20200406,PA,12980.0
602,20200406,PR,513.0
603,20200406,RI,1082.0
604,20200406,SC,2049.0
605,20200406,SD,288.0
606,20200406,TN,3802.0
607,20200406,TX,7276.0
608,20200406,UT,1675.0
609,20200406,VA,2878.0
610,20200406,VI,43.0
611,20200406,VT,543.0
612,20200406,WA,8679.0
613,20200406,WI,2440.0
614,20200406,WV,345.0
615,20200406,WY,210.0
616,20200405,AK,185.0
617,20200405,AL,1796.0
618,20200405,AR,830.0
619,20200405,AS,0.0
620,20200405,AZ,2269.0
621,20200405,CA,13438.0
622,20200405,CO,4565.0
623,20200405,CT,5675.0
624,20200405,DC,998.0
625,20200405,DE,673.0
626,20200405,FL,12151.0
627,20200405,GA,6647.0
628,20200405,GU,112.0
629,20200405,HI,351.0
630,20200405,IA,868.0
631,20200405,ID,1077.0
632,20200405,IL,11256.0
633,20200405,IN,4411.0
634,20200405,KS,747.0
635,20200405,KY,917.0
636,20200405,LA,13010.0
637,20200405,MA,12500.0
638,20200405,MD,3609.0
639,20200405,ME,470.0
640,20200405,MI,17567.0
641,20200405,MN,935.0
642,20200405,MO,2367.0
643,20200405,MP,8.0
644,20200405,MS,1638.0
645,20200405,MT,286.0
646,20200405,NC,2585.0
647,20200405,ND,207.0
648,20200405,NE,363.0
649,20200405,NH,621.0
650,20200405,NJ,37505.0
651,20200405,NM,543.0
652,20200405,NV,1836.0
653,20200405,NY,122031.0
654,20200405,OH,4043.0
655,20200405,OK,1252.0
656,20200405,OR,1068.0
657,20200405,PA,11510.0
658,20200405,PR,475.0
659,20200405,RI,922.0
660,20200405,SC,2049.0
661,20200405,SD,240.0
662,20200405,TN,3633.0
663,20200405,TX,6812.0
664,20200405,UT,1605.0
665,20200405,VA,2637.0
666,20200405,VI,42.0
667,20200405,VT,512.0
668,20200405,WA,8332.0
669,20200405,WI,2267.0
670,20200405,WV,324.0
671,20200405,WY,197.0
672,20200404,AK,171.0
673,20200404,AL,1580.0
674,20200404,AR,743.0
675,20200404,AS,0.0
676,20200404,AZ,2019.0
677,20200404,CA,12026.0
678,20200404,CO,4173.0
679,20200404,CT,5276.0
680,20200404,DC,902.0
681,20200404,DE,593.0
682,20200404,FL,11111.0
683,20200404,GA,6160.0
684,20200404,GU,93.0
685,20200404,HI,319.0
686,20200404,IA,786.0
687,20200404,ID,1013.0
688,20200404,IL,10357.0
689,20200404,IN,3953.0
690,20200404,KS,698.0
691,20200404,KY,831.0
692,20200404,LA,12496.0
693,20200404,MA,11736.0
694,20200404,MD,3125.0
695,20200404,ME,456.0
696,20200404,MI,16395.0
697,20200404,MN,865.0
698,20200404,MO,2291.0
699,20200404,MP,8.0
700,20200404,MS,1455.0
701,20200404,MT,265.0
702,20200404,NC,2402.0
703,20200404,ND,186.0
704,20200404,NE,321.0
705,20200404,NH,540.0
706,20200404,NJ,34124.0
707,20200404,NM,495.0
708,20200404,NV,1742.0
709,20200404,NY,113704.0
710,20200404,OH,3739.0
711,20200404,OK,1159.0
712,20200404,OR,999.0
713,20200404,PA,10017.0
714,20200404,PR,452.0
715,20200404,RI,806.0
716,20200404,SC,1917.0
717,20200404,SD,212.0
718,20200404,TN,3321.0
719,20200404,TX,6110.0
720,20200404,UT,1428.0
721,20200404,VA,2407.0
722,20200404,VI,40.0
723,20200404,VT,461.0
724,20200404,WA,7934.0
725,20200404,WI,2112.0
726,20200404,WV,282.0
727,20200404,WY,187.0
728,20200403,AK,157.0
729,20200403,AL,1432.0
730,20200403,AR,704.0
731,20200403,AS,0.0
732,20200403,AZ,1769.0
733,20200403,CA,10701.0
734,20200403,CO,3728.0
735,20200403,CT,4914.0
736,20200403,DC,757.0
737,20200403,DE,450.0
738,20200403,FL,9585.0
739,20200403,GA,5831.0
740,20200403,GU,84.0
741,20200403,HI,285.0
742,20200403,IA,699.0
743,20200403,ID,891.0
744,20200403,IL,8904.0
745,20200403,IN,3437.0
746,20200403,KS,620.0
747,20200403,KY,770.0
748,20200403,LA,10297.0
749,20200403,MA,10402.0
750,20200403,MD,2758.0
751,20200403,ME,432.0
752,20200403,MI,15252.0
753,20200403,MN,789.0
754,20200403,MO,2113.0
755,20200403,MP,8.0
756,20200403,MS,1358.0
757,20200403,MT,243.0
758,20200403,NC,2093.0
759,20200403,ND,173.0
760,20200403,NE,279.0
761,20200403,NH,479.0
762,20200403,NJ,29895.0
763,20200403,NM,403.0
764,20200403,NV,1514.0
765,20200403,NY,102863.0
766,20200403,OH,3312.0
767,20200403,OK,988.0
768,20200403,OR,899.0
769,20200403,PA,8420.0
770,20200403,PR,378.0
771,20200403,RI,709.0
772,20200403,SC,1554.0
773,20200403,SD,187.0
774,20200403,TN,3067.0
775,20200403,TX,5330.0
776,20200403,UT,1246.0
777,20200403,VA,2012.0
778,20200403,VI,38.0
779,20200403,VT,389.0
780,20200403,WA,7548.0
781,20200403,WI,1912.0
782,20200403,WV,237.0
783,20200403,WY,162.0
784,20200402,AK,143.0
785,20200402,AL,1233.0
786,20200402,AR,643.0
787,20200402,AS,0.0
788,20200402,AZ,1598.0
789,20200402,CA,9191.0
790,20200402,CO,3342.0
791,20200402,CT,3824.0
792,20200402,DC,653.0
793,20200402,DE,393.0
794,20200402,FL,8010.0
795,20200402,GA,5348.0
796,20200402,GU,82.0
797,20200402,HI,258.0
798,20200402,IA,614.0
799,20200402,ID,669.0
800,20200402,IL,7695.0
801,20200402,IN,3039.0
802,20200402,KS,552.0
803,20200402,KY,680.0
804,20200402,LA,9150.0
805,20200402,MA,8966.0
806,20200402,MD,2331.0
807,20200402,ME,376.0
808,20200402,MI,14117.0
809,20200402,MN,742.0
810,20200402,MO,1834.0
811,20200402,MP,8.0
812,20200402,MS,1177.0
813,20200402,MT,227.0
814,20200402,NC,1857.0
815,20200402,ND,159.0
816,20200402,NE,246.0
817,20200402,NH,415.0
818,20200402,NJ,25590.0
819,20200402,NM,363.0
820,20200402,NV,1458.0
821,20200402,NY,92381.0
822,20200402,OH,2902.0
823,20200402,OK,879.0
824,20200402,OR,826.0
825,20200402,PA,7016.0
826,20200402,PR,316.0
827,20200402,RI,657.0
828,20200402,SC,1554.0
829,20200402,SD,165.0
830,20200402,TN,2845.0
831,20200402,TX,4669.0
832,20200402,UT,1074.0
833,20200402,VA,1706.0
834,20200402,VI,33.0
835,20200402,VT,338.0
836,20200402,WA,6962.0
837,20200402,WI,1730.0
838,20200402,WV,217.0
839,20200402,WY,150.0
840,20200401,AK,133.0
841,20200401,AL,1077.0
842,20200401,AR,584.0
843,20200401,AS,0.0
844,20200401,AZ,1413.0
845,20200401,CA,8155.0
846,20200401,CO,2966.0
847,20200401,CT,3557.0
848,20200401,DC,586.0
849,20200401,DE,368.0
850,20200401,FL,6955.0
851,20200401,GA,4638.0
852,20200401,GU,77.0
853,20200401,HI,208.0
854,20200401,IA,549.0
855,20200401,ID,525.0
856,20200401,IL,6980.0
857,20200401,IN,2565.0
858,20200401,KS,482.0
859,20200401,KY,591.0
860,20200401,LA,6424.0
861,20200401,MA,7738.0
862,20200401,MD,1985.0
863,20200401,ME,344.0
864,20200401,MI,12888.0
865,20200401,MN,689.0
866,20200401,MO,1581.0
867,20200401,MP,6.0
868,20200401,MS,1073.0
869,20200401,MT,208.0
870,20200401,NC,1584.0
871,20200401,ND,142.0
872,20200401,NE,210.0
873,20200401,NH,415.0
874,20200401,NJ,22255.0
875,20200401,NM,315.0
876,20200401,NV,1279.0
877,20200401,NY,83712.0
878,20200401,OH,2547.0
879,20200401,OK,719.0
880,20200401,OR,736.0
881,20200401,PA,5805.0
882,20200401,PR,286.0
883,20200401,RI,566.0
884,20200401,SC,1293.0
885,20200401,SD,129.0
886,20200401,TN,2683.0
887,20200401,TX,3997.0
888,20200401,UT,1012.0
889,20200401,VA,1484.0
890,20200401,VI,30.0
891,20200401,VT,321.0
892,20200401,WA,6593.0
893,20200401,WI,1550.0
894,20200401,WV,191.0
895,20200401,WY,130.0
896,20200331,AK,119.0
897,20200331,AL,981.0
898,20200331,AR,523.0
899,20200331,AS,0.0
900,20200331,AZ,1289.0
901,20200331,CA,7482.0
902,20200331,CO,2627.0
903,20200331,CT,3128.0
904,20200331,DC,495.0
905,20200331,DE,319.0
906,20200331,FL,6338.0
907,20200331,GA,3929.0
908,20200331,GU,69.0
909,20200331,HI,204.0
910,20200331,IA,497.0
911,20200331,ID,415.0
912,20200331,IL,5994.0
913,20200331,IN,2159.0
914,20200331,KS,428.0
915,20200331,KY,480.0
916,20200331,LA,5237.0
917,20200331,MA,6620.0
918,20200331,MD,1660.0
919,20200331,ME,303.0
920,20200331,MI,11875.0
921,20200331,MN,629.0
922,20200331,MO,1327.0
923,20200331,MP,2.0
924,20200331,MS,937.0
925,20200331,MT,184.0
926,20200331,NC,1498.0
927,20200331,ND,126.0
928,20200331,NE,172.0
929,20200331,NH,314.0
930,20200331,NJ,18696.0
931,20200331,NM,281.0
932,20200331,NV,1113.0
933,20200331,NY,75795.0
934,20200331,OH,2199.0
935,20200331,OK,565.0
936,20200331,OR,690.0
937,20200331,PA,4843.0
938,20200331,PR,239.0
939,20200331,RI,489.0
940,20200331,SC,1083.0
941,20200331,SD,108.0
942,20200331,TN,2239.0
943,20200331,TX,3266.0
944,20200331,UT,887.0
945,20200331,VA,1250.0
946,20200331,VI,30.0
947,20200331,VT,293.0
948,20200331,WA,6030.0
949,20200331,WI,1351.0
950,20200331,WV,162.0
951,20200331,WY,109.0
952,20200330,AK,114.0
953,20200330,AL,859.0
954,20200330,AR,473.0
955,20200330,AS,
956,20200330,AZ,1157.0
957,20200330,CA,6447.0
958,20200330,CO,2627.0
959,20200330,CT,2571.0
960,20200330,DC,401.0
961,20200330,DE,264.0
962,20200330,FL,5473.0
963,20200330,GA,2809.0
964,20200330,GU,58.0
965,20200330,HI,175.0
966,20200330,IA,424.0
967,20200330,ID,310.0
968,20200330,IL,5057.0
969,20200330,IN,1786.0
970,20200330,KS,368.0
971,20200330,KY,439.0
972,20200330,LA,4025.0
973,20200330,MA,5752.0
974,20200330,MD,1413.0
975,20200330,ME,275.0
976,20200330,MI,10901.0
977,20200330,MN,576.0
978,20200330,MO,1031.0
979,20200330,MP,2.0
980,20200330,MS,847.0
981,20200330,MT,171.0
982,20200330,NC,1307.0
983,20200330,ND,109.0
984,20200330,NE,145.0
985,20200330,NH,314.0
986,20200330,NJ,16636.0
987,20200330,NM,237.0
988,20200330,NV,1008.0
989,20200330,NY,66497.0
990,20200330,OH,1933.0
991,20200330,OK,481.0
992,20200330,OR,606.0
993,20200330,PA,4087.0
994,20200330,PR,174.0
995,20200330,RI,402.0
996,20200330,SC,925.0
997,20200330,SD,101.0
998,20200330,TN,1834.0
999,20200330,TX,2877.0
1000,20200330,UT,806.0
1001,20200330,VA,1020.0
1002,20200330,VI,30.0
1003,20200330,VT,256.0
1004,20200330,WA,5566.0
1005,20200330,WI,1221.0
1006,20200330,WV,126.0
1007,20200330,WY,94.0
1008,20200329,AK,102.0
1009,20200329,AL,806.0
1010,20200329,AR,426.0
1011,20200329,AS,
1012,20200329,AZ,919.0
1013,20200329,CA,5708.0
1014,20200329,CO,2061.0
1015,20200329,CT,1993.0
1016,20200329,DC,342.0
1017,20200329,DE,232.0
1018,20200329,FL,4246.0
1019,20200329,GA,2651.0
1020,20200329,GU,56.0
1021,20200329,HI,151.0
1022,20200329,IA,336.0
1023,20200329,ID,261.0
1024,20200329,IL,4596.0
1025,20200329,IN,1514.0
1026,20200329,KS,319.0
1027,20200329,KY,394.0
1028,20200329,LA,3540.0
1029,20200329,MA,4955.0
1030,20200329,MD,1239.0
1031,20200329,ME,253.0
1032,20200329,MI,10010.0
1033,20200329,MN,503.0
1034,20200329,MO,838.0
1035,20200329,MP,2.0
1036,20200329,MS,758.0
1037,20200329,MT,154.0
1038,20200329,NC,1040.0
1039,20200329,ND,98.0
1040,20200329,NE,108.0
1041,20200329,NH,214.0
1042,20200329,NJ,13386.0
1043,20200329,NM,237.0
1044,20200329,NV,738.0
1045,20200329,NY,59513.0
1046,20200329,OH,1653.0
1047,20200329,OK,429.0
1048,20200329,OR,548.0
1049,20200329,PA,3394.0
1050,20200329,PR,127.0
1051,20200329,RI,294.0
1052,20200329,SC,774.0
1053,20200329,SD,90.0
1054,20200329,TN,1537.0
1055,20200329,TX,2552.0
1056,20200329,UT,719.0
1057,20200329,VA,890.0
1058,20200329,VI,23.0
1059,20200329,VT,235.0
1060,20200329,WA,5102.0
1061,20200329,WI,1112.0
1062,20200329,WV,113.0
1063,20200329,WY,86.0
1064,20200328,AK,85.0
1065,20200328,AL,696.0
1066,20200328,AR,404.0
1067,20200328,AS,
1068,20200328,AZ,873.0
1069,20200328,CA,4643.0
1070,20200328,CO,1734.0
1071,20200328,CT,1291.0
1072,20200328,DC,304.0
1073,20200328,DE,214.0
1074,20200328,FL,3763.0
1075,20200328,GA,2366.0
1076,20200328,GU,55.0
1077,20200328,HI,120.0
1078,20200328,IA,298.0
1079,20200328,ID,230.0
1080,20200328,IL,3491.0
1081,20200328,IN,1232.0
1082,20200328,KS,261.0
1083,20200328,KY,302.0
1084,20200328,LA,3315.0
1085,20200328,MA,4257.0
1086,20200328,MD,992.0
1087,20200328,ME,211.0
1088,20200328,MI,9287.0
1089,20200328,MN,441.0
1090,20200328,MO,838.0
1091,20200328,MP,2.0
1092,20200328,MS,663.0
1093,20200328,MT,129.0
1094,20200328,NC,935.0
1095,20200328,ND,83.0
1096,20200328,NE,96.0
1097,20200328,NH,187.0
1098,20200328,NJ,11124.0
1099,20200328,NM,191.0
1100,20200328,NV,621.0
1101,20200328,NY,52318.0
1102,20200328,OH,1406.0
1103,20200328,OK,377.0
1104,20200328,OR,479.0
1105,20200328,PA,2751.0
1106,20200328,PR,100.0
1107,20200328,RI,239.0
1108,20200328,SC,539.0
1109,20200328,SD,68.0
1110,20200328,TN,1373.0
1111,20200328,TX,2052.0
1112,20200328,UT,602.0
1113,20200328,VA,739.0
1114,20200328,VI,22.0
1115,20200328,VT,211.0
1116,20200328,WA,4707.0
1117,20200328,WI,989.0
1118,20200328,WV,96.0
1119,20200328,WY,82.0
1120,20200327,AK,69.0
1121,20200327,AL,587.0
1122,20200327,AR,381.0
1123,20200327,AS,
1124,20200327,AZ,736.0
1125,20200327,CA,3879.0
1126,20200327,CO,1430.0
1127,20200327,CT,1291.0
1128,20200327,DC,267.0
1129,20200327,DE,163.0
1130,20200327,FL,2765.0
1131,20200327,GA,2001.0
1132,20200327,GU,51.0
1133,20200327,HI,106.0
1134,20200327,IA,235.0
1135,20200327,ID,189.0
1136,20200327,IL,3026.0
1137,20200327,IN,981.0
1138,20200327,KS,202.0
1139,20200327,KY,248.0
1140,20200327,LA,2746.0
1141,20200327,MA,3240.0
1142,20200327,MD,774.0
1143,20200327,ME,168.0
1144,20200327,MI,8659.0
1145,20200327,MN,398.0
1146,20200327,MO,669.0
1147,20200327,MP,0.0
1148,20200327,MS,579.0
1149,20200327,MT,108.0
1150,20200327,NC,763.0
1151,20200327,ND,65.0
1152,20200327,NE,85.0
1153,20200327,NH,158.0
1154,20200327,NJ,8825.0
1155,20200327,NM,136.0
1156,20200327,NV,535.0
1157,20200327,NY,44635.0
1158,20200327,OH,1137.0
1159,20200327,OK,322.0
1160,20200327,OR,414.0
1161,20200327,PA,2218.0
1162,20200327,PR,79.0
1163,20200327,RI,203.0
1164,20200327,SC,456.0
1165,20200327,SD,58.0
1166,20200327,TN,1203.0
1167,20200327,TX,1731.0
1168,20200327,UT,480.0
1169,20200327,VA,604.0
1170,20200327,VI,19.0
1171,20200327,VT,184.0
1172,20200327,WA,4238.0
1173,20200327,WI,842.0
1174,20200327,WV,76.0
1175,20200327,WY,70.0
1176,20200326,AK,59.0
1177,20200326,AL,506.0
1178,20200326,AR,335.0
1179,20200326,AS,
1180,20200326,AZ,577.0
1181,20200326,CA,3006.0
1182,20200326,CO,1086.0
1183,20200326,CT,1012.0
1184,20200326,DC,231.0
1185,20200326,DE,130.0
1186,20200326,FL,2355.0
1187,20200326,GA,1525.0
1188,20200326,GU,45.0
1189,20200326,HI,95.0
1190,20200326,IA,179.0
1191,20200326,ID,123.0
1192,20200326,IL,2538.0
1193,20200326,IN,645.0
1194,20200326,KS,168.0
1195,20200326,KY,198.0
1196,20200326,LA,2305.0
1197,20200326,MA,2417.0
1198,20200326,MD,580.0
1199,20200326,ME,155.0
1200,20200326,MI,7767.0
1201,20200326,MN,346.0
1202,20200326,MO,502.0
1203,20200326,MP,0.0
1204,20200326,MS,485.0
1205,20200326,MT,71.0
1206,20200326,NC,636.0
1207,20200326,ND,52.0
1208,20200326,NE,73.0
1209,20200326,NH,137.0
1210,20200326,NJ,6876.0
1211,20200326,NM,112.0
1212,20200326,NV,420.0
1213,20200326,NY,37258.0
1214,20200326,OH,867.0
1215,20200326,OK,248.0
1216,20200326,OR,327.0
1217,20200326,PA,1687.0
1218,20200326,PR,64.0
1219,20200326,RI,165.0
1220,20200326,SC,456.0
1221,20200326,SD,46.0
1222,20200326,TN,957.0
1223,20200326,TX,1396.0
1224,20200326,UT,402.0
1225,20200326,VA,460.0
1226,20200326,VI,17.0
1227,20200326,VT,158.0
1228,20200326,WA,3745.0
1229,20200326,WI,707.0
1230,20200326,WV,51.0
1231,20200326,WY,53.0
1232,20200325,AK,42.0
1233,20200325,AL,283.0
1234,20200325,AR,280.0
1235,20200325,AS,
1236,20200325,AZ,450.0
1237,20200325,CA,2355.0
1238,20200325,CO,912.0
1239,20200325,CT,875.0
1240,20200325,DC,183.0
1241,20200325,DE,115.0
1242,20200325,FL,1682.0
1243,20200325,GA,1247.0
1244,20200325,GU,37.0
1245,20200325,HI,90.0
1246,20200325,IA,145.0
1247,20200325,ID,73.0
1248,20200325,IL,1865.0
1249,20200325,IN,477.0
1250,20200325,KS,126.0
1251,20200325,KY,157.0
1252,20200325,LA,1795.0
1253,20200325,MA,1838.0
1254,20200325,MD,423.0
1255,20200325,ME,149.0
1256,20200325,MI,7060.0
1257,20200325,MN,287.0
1258,20200325,MO,356.0
1259,20200325,MP,0.0
1260,20200325,MS,377.0
1261,20200325,MT,53.0
1262,20200325,NC,504.0
1263,20200325,ND,39.0
1264,20200325,NE,61.0
1265,20200325,NH,108.0
1266,20200325,NJ,4402.0
1267,20200325,NM,100.0
1268,20200325,NV,321.0
1269,20200325,NY,30811.0
1270,20200325,OH,704.0
1271,20200325,OK,164.0
1272,20200325,OR,209.0
1273,20200325,PA,1127.0
1274,20200325,PR,51.0
1275,20200325,RI,132.0
1276,20200325,SC,424.0
1277,20200325,SD,41.0
1278,20200325,TN,784.0
1279,20200325,TX,974.0
1280,20200325,UT,346.0
1281,20200325,VA,391.0
1282,20200325,VI,17.0
1283,20200325,VT,123.0
1284,20200325,WA,3275.0
1285,20200325,WI,585.0
1286,20200325,WV,39.0
1287,20200325,WY,44.0
1288,20200324,AK,36.0
1289,20200324,AL,215.0
1290,20200324,AR,218.0
1291,20200324,AS,
1292,20200324,AZ,357.0
1293,20200324,CA,2102.0
1294,20200324,CO,720.0
1295,20200324,CT,618.0
1296,20200324,DC,137.0
1297,20200324,DE,91.0
1298,20200324,FL,1412.0
1299,20200324,GA,1026.0
1300,20200324,GU,32.0
1301,20200324,HI,77.0
1302,20200324,IA,124.0
1303,20200324,ID,50.0
1304,20200324,IL,1535.0
1305,20200324,IN,365.0
1306,20200324,KS,98.0
1307,20200324,KY,124.0
1308,20200324,LA,1388.0
1309,20200324,MA,1159.0
1310,20200324,MD,349.0
1311,20200324,ME,125.0
1312,20200324,MI,6441.0
1313,20200324,MN,262.0
1314,20200324,MO,183.0
1315,20200324,MP,0.0
1316,20200324,MS,320.0
1317,20200324,MT,46.0
1318,20200324,NC,398.0
1319,20200324,ND,34.0
1320,20200324,NE,52.0
1321,20200324,NH,101.0
1322,20200324,NJ,3675.0
1323,20200324,NM,83.0
1324,20200324,NV,278.0
1325,20200324,NY,25665.0
1326,20200324,OH,564.0
1327,20200324,OK,106.0
1328,20200324,OR,209.0
1329,20200324,PA,851.0
1330,20200324,PR,39.0
1331,20200324,RI,124.0
1332,20200324,SC,298.0
1333,20200324,SD,30.0
1334,20200324,TN,667.0
1335,20200324,TX,410.0
1336,20200324,UT,299.0
1337,20200324,VA,290.0
1338,20200324,VI,17.0
1339,20200324,VT,95.0
1340,20200324,WA,2823.0
1341,20200324,WI,457.0
1342,20200324,WV,20.0
1343,20200324,WY,29.0
1344,20200323,AK,22.0
1345,20200323,AL,167.0
1346,20200323,AR,174.0
1347,20200323,AS,
1348,20200323,AZ,265.0
1349,20200323,CA,1733.0
1350,20200323,CO,591.0
1351,20200323,CT,415.0
1352,20200323,DC,116.0
1353,20200323,DE,68.0
1354,20200323,FL,1171.0
1355,20200323,GA,772.0
1356,20200323,GU,29.0
1357,20200323,HI,56.0
1358,20200323,IA,105.0
1359,20200323,ID,47.0
1360,20200323,IL,1273.0
1361,20200323,IN,259.0
1362,20200323,KS,82.0
1363,20200323,KY,104.0
1364,20200323,LA,1172.0
1365,20200323,MA,777.0
1366,20200323,MD,288.0
1367,20200323,ME,107.0
1368,20200323,MI,5789.0
1369,20200323,MN,235.0
1370,20200323,MO,183.0
1371,20200323,MP,0.0
1372,20200323,MS,249.0
1373,20200323,MT,34.0
1374,20200323,NC,297.0
1375,20200323,ND,30.0
1376,20200323,NE,50.0
1377,20200323,NH,78.0
1378,20200323,NJ,2844.0
1379,20200323,NM,65.0
1380,20200323,NV,245.0
1381,20200323,NY,20875.0
1382,20200323,OH,442.0
1383,20200323,OK,81.0
1384,20200323,OR,191.0
1385,20200323,PA,644.0
1386,20200323,PR,31.0
1387,20200323,RI,106.0
1388,20200323,SC,298.0
1389,20200323,SD,28.0
1390,20200323,TN,615.0
1391,20200323,TX,352.0
1392,20200323,UT,257.0
1393,20200323,VA,254.0
1394,20200323,VI,17.0
1395,20200323,VT,75.0
1396,20200323,WA,2450.0
1397,20200323,WI,416.0
1398,20200323,WV,16.0
1399,20200323,WY,26.0
1400,20200322,AK,22.0
1401,20200322,AL,138.0
1402,20200322,AR,165.0
1403,20200322,AS,
1404,20200322,AZ,152.0
1405,20200322,CA,1536.0
1406,20200322,CO,475.0
1407,20200322,CT,223.0
1408,20200322,DC,98.0
1409,20200322,DE,56.0
1410,20200322,FL,830.0
1411,20200322,GA,600.0
1412,20200322,GU,27.0
1413,20200322,HI,48.0
1414,20200322,IA,90.0
1415,20200322,ID,42.0
1416,20200322,IL,1049.0
1417,20200322,IN,201.0
1418,20200322,KS,64.0
1419,20200322,KY,99.0
1420,20200322,LA,837.0
1421,20200322,MA,646.0
1422,20200322,MD,244.0
1423,20200322,ME,89.0
1424,20200322,MI,5098.0
1425,20200322,MN,169.0
1426,20200322,MO,90.0
1427,20200322,MP,0.0
1428,20200322,MS,207.0
1429,20200322,MT,31.0
1430,20200322,NC,255.0
1431,20200322,ND,28.0
1432,20200322,NE,48.0
1433,20200322,NH,65.0
1434,20200322,NJ,1914.0
1435,20200322,NM,57.0
1436,20200322,NV,190.0
1437,20200322,NY,15168.0
1438,20200322,OH,351.0
1439,20200322,OK,67.0
1440,20200322,OR,161.0
1441,20200322,PA,479.0
1442,20200322,PR,23.0
1443,20200322,RI,83.0
1444,20200322,SC,195.0
1445,20200322,SD,21.0
1446,20200322,TN,505.0
1447,20200322,TX,334.0
1448,20200322,UT,181.0
1449,20200322,VA,219.0
1450,20200322,VI,6.0
1451,20200322,VT,52.0
1452,20200322,WA,2242.0
1453,20200322,WI,385.0
1454,20200322,WV,12.0
1455,20200322,WY,24.0
1456,20200321,AK,14.0
1457,20200321,AL,124.0
1458,20200321,AR,118.0
1459,20200321,AS,
1460,20200321,AZ,104.0
1461,20200321,CA,1279.0
1462,20200321,CO,363.0
1463,20200321,CT,194.0
1464,20200321,DC,77.0
1465,20200321,DE,45.0
1466,20200321,FL,658.0
1467,20200321,GA,507.0
1468,20200321,GU,15.0
1469,20200321,HI,37.0
1470,20200321,IA,68.0
1471,20200321,ID,31.0
1472,20200321,IL,753.0
1473,20200321,IN,126.0
1474,20200321,KS,55.0
1475,20200321,KY,54.0
1476,20200321,LA,585.0
1477,20200321,MA,525.0
1478,20200321,MD,190.0
1479,20200321,ME,73.0
1480,20200321,MI,4543.0
1481,20200321,MN,138.0
1482,20200321,MO,73.0
1483,20200321,MP,0.0
1484,20200321,MS,140.0
1485,20200321,MT,20.0
1486,20200321,NC,184.0
1487,20200321,ND,28.0
1488,20200321,NE,38.0
1489,20200321,NH,55.0
1490,20200321,NJ,1327.0
1491,20200321,NM,57.0
1492,20200321,NV,124.0
1493,20200321,NY,10356.0
1494,20200321,OH,247.0
1495,20200321,OK,53.0
1496,20200321,OR,114.0
1497,20200321,PA,371.0
1498,20200321,PR,21.0
1499,20200321,RI,66.0
1500,20200321,SC,152.0
1501,20200321,SD,14.0
1502,20200321,TN,371.0
1503,20200321,TX,304.0
1504,20200321,UT,136.0
1505,20200321,VA,152.0
1506,20200321,VI,6.0
1507,20200321,VT,29.0
1508,20200321,WA,2006.0
1509,20200321,WI,281.0
1510,20200321,WV,11.0
1511,20200321,WY,23.0
1512,20200320,AK,12.0
1513,20200320,AL,81.0
1514,20200320,AR,96.0
1515,20200320,AS,
1516,20200320,AZ,65.0
1517,20200320,CA,1063.0
1518,20200320,CO,277.0
1519,20200320,CT,194.0
1520,20200320,DC,71.0
1521,20200320,DE,38.0
1522,20200320,FL,520.0
1523,20200320,GA,420.0
1524,20200320,GU,14.0
1525,20200320,HI,26.0
1526,20200320,IA,45.0
1527,20200320,ID,23.0
1528,20200320,IL,585.0
1529,20200320,IN,79.0
1530,20200320,KS,44.0
1531,20200320,KY,47.0
1532,20200320,LA,479.0
1533,20200320,MA,413.0
1534,20200320,MD,149.0
1535,20200320,ME,57.0
1536,20200320,MI,4027.0
1537,20200320,MN,115.0
1538,20200320,MO,47.0
1539,20200320,MP,0.0
1540,20200320,MS,80.0
1541,20200320,MT,16.0
1542,20200320,NC,137.0
1543,20200320,ND,20.0
1544,20200320,NE,32.0
1545,20200320,NH,44.0
1546,20200320,NJ,890.0
1547,20200320,NM,43.0
1548,20200320,NV,109.0
1549,20200320,NY,7102.0
1550,20200320,OH,169.0
1551,20200320,OK,49.0
1552,20200320,OR,114.0
1553,20200320,PA,268.0
1554,20200320,PR,14.0
1555,20200320,RI,54.0
1556,20200320,SC,81.0
1557,20200320,SD,14.0
1558,20200320,TN,228.0
1559,20200320,TX,194.0
1560,20200320,UT,112.0
1561,20200320,VA,114.0
1562,20200320,VI,3.0
1563,20200320,VT,29.0
1564,20200320,WA,1773.0
1565,20200320,WI,206.0
1566,20200320,WV,7.0
1567,20200320,WY,19.0
1568,20200319,AK,6.0
1569,20200319,AL,68.0
1570,20200319,AR,46.0
1571,20200319,AS,
1572,20200319,AZ,44.0
1573,20200319,CA,924.0
1574,20200319,CO,216.0
1575,20200319,CT,96.0
1576,20200319,DC,39.0
1577,20200319,DE,30.0
1578,20200319,FL,390.0
1579,20200319,GA,287.0
1580,20200319,GU,12.0
1581,20200319,HI,16.0
1582,20200319,IA,38.0
1583,20200319,ID,11.0
1584,20200319,IL,422.0
1585,20200319,IN,56.0
1586,20200319,KS,34.0
1587,20200319,KY,35.0
1588,20200319,LA,347.0
1589,20200319,MA,328.0
1590,20200319,MD,107.0
1591,20200319,ME,53.0
1592,20200319,MI,3392.0
1593,20200319,MN,89.0
1594,20200319,MO,24.0
1595,20200319,MP,0.0
1596,20200319,MS,50.0
1597,20200319,MT,12.0
1598,20200319,NC,97.0
1599,20200319,ND,15.0
1600,20200319,NE,27.0
1601,20200319,NH,39.0
1602,20200319,NJ,742.0
1603,20200319,NM,35.0
1604,20200319,NV,95.0
1605,20200319,NY,4152.0
1606,20200319,OH,119.0
1607,20200319,OK,44.0
1608,20200319,OR,88.0
1609,20200319,PA,185.0
1610,20200319,PR,5.0
1611,20200319,RI,44.0
1612,20200319,SC,60.0
1613,20200319,SD,11.0
1614,20200319,TN,154.0
1615,20200319,TX,143.0
1616,20200319,UT,78.0
1617,20200319,VA,94.0
1618,20200319,VI,3.0
1619,20200319,VT,22.0
1620,20200319,WA,1535.0
1621,20200319,WI,155.0
1622,20200319,WV,2.0
1623,20200319,WY,18.0
1624,20200318,AK,6.0
1625,20200318,AL,46.0
1626,20200318,AR,33.0
1627,20200318,AS,
1628,20200318,AZ,28.0
1629,20200318,CA,611.0
1630,20200318,CO,183.0
1631,20200318,CT,68.0
1632,20200318,DC,31.0
1633,20200318,DE,25.0
1634,20200318,FL,314.0
1635,20200318,GA,197.0
1636,20200318,GU,8.0
1637,20200318,HI,14.0
1638,20200318,IA,29.0
1639,20200318,ID,9.0
1640,20200318,IL,288.0
1641,20200318,IN,39.0
1642,20200318,KS,16.0
1643,20200318,KY,26.0
1644,20200318,LA,240.0
1645,20200318,MA,256.0
1646,20200318,MD,85.0
1647,20200318,ME,43.0
1648,20200318,MI,2913.0
1649,20200318,MN,77.0
1650,20200318,MO,13.0
1651,20200318,MP,0.0
1652,20200318,MS,34.0
1653,20200318,MT,10.0
1654,20200318,NC,63.0
1655,20200318,ND,6.0
1656,20200318,NE,24.0
1657,20200318,NH,26.0
1658,20200318,NJ,427.0
1659,20200318,NM,28.0
1660,20200318,NV,55.0
1661,20200318,NY,2382.0
1662,20200318,OH,88.0
1663,20200318,OK,29.0
1664,20200318,OR,75.0
1665,20200318,PA,133.0
1666,20200318,PR,5.0
1667,20200318,RI,33.0
1668,20200318,SC,60.0
1669,20200318,SD,11.0
1670,20200318,TN,98.0
1671,20200318,TX,83.0
1672,20200318,UT,63.0
1673,20200318,VA,77.0
1674,20200318,VI,2.0
1675,20200318,VT,19.0
1676,20200318,WA,1388.0
1677,20200318,WI,106.0
1678,20200318,WV,1.0
1679,20200318,WY,15.0
1680,20200317,AK,3.0
1681,20200317,AL,36.0
1682,20200317,AR,22.0
1683,20200317,AS,
1684,20200317,AZ,20.0
1685,20200317,CA,483.0
1686,20200317,CO,160.0
1687,20200317,CT,41.0
1688,20200317,DC,22.0
1689,20200317,DE,16.0
1690,20200317,FL,186.0
1691,20200317,GA,146.0
1692,20200317,GU,5.0
1693,20200317,HI,10.0
1694,20200317,IA,23.0
1695,20200317,ID,7.0
1696,20200317,IL,159.0
1697,20200317,IN,30.0
1698,20200317,KS,15.0
1699,20200317,KY,22.0
1700,20200317,LA,171.0
1701,20200317,MA,218.0
1702,20200317,MD,57.0
1703,20200317,ME,32.0
1704,20200317,MI,2393.0
1705,20200317,MN,60.0
1706,20200317,MO,8.0
1707,20200317,MP,0.0
1708,20200317,MS,21.0
1709,20200317,MT,8.0
1710,20200317,NC,40.0
1711,20200317,ND,3.0
1712,20200317,NE,21.0
1713,20200317,NH,17.0
1714,20200317,NJ,267.0
1715,20200317,NM,23.0
1716,20200317,NV,55.0
1717,20200317,NY,1700.0
1718,20200317,OH,67.0
1719,20200317,OK,17.0
1720,20200317,OR,47.0
1721,20200317,PA,96.0
1722,20200317,PR,5.0
1723,20200317,RI,23.0
1724,20200317,SC,33.0
1725,20200317,SD,11.0
1726,20200317,TN,73.0
1727,20200317,TX,64.0
1728,20200317,UT,51.0
1729,20200317,VA,67.0
1730,20200317,VI,2.0
1731,20200317,VT,10.0
1732,20200317,WA,1218.0
1733,20200317,WI,72.0
1734,20200317,WV,0.0
1735,20200317,WY,10.0
1736,20200316,AK,1.0
1737,20200316,AL,28.0
1738,20200316,AR,22.0
1739,20200316,AS,
1740,20200316,AZ,18.0
1741,20200316,CA,335.0
1742,20200316,CO,131.0
1743,20200316,CT,26.0
1744,20200316,DC,17.0
1745,20200316,DE,8.0
1746,20200316,FL,141.0
1747,20200316,GA,121.0
1748,20200316,GU,3.0
1749,20200316,HI,7.0
1750,20200316,IA,22.0
1751,20200316,ID,5.0
1752,20200316,IL,93.0
1753,20200316,IN,24.0
1754,20200316,KS,11.0
1755,20200316,KY,21.0
1756,20200316,LA,114.0
1757,20200316,MA,164.0
1758,20200316,MD,37.0
1759,20200316,ME,17.0
1760,20200316,MI,1933.0
1761,20200316,MN,54.0
1762,20200316,MO,6.0
1763,20200316,MP,0.0
1764,20200316,MS,12.0
1765,20200316,MT,7.0
1766,20200316,NC,33.0
1767,20200316,ND,1.0
1768,20200316,NE,18.0
1769,20200316,NH,13.0
1770,20200316,NJ,178.0
1771,20200316,NM,17.0
1772,20200316,NV,45.0
1773,20200316,NY,950.0
1774,20200316,OH,50.0
1775,20200316,OK,10.0
1776,20200316,OR,39.0
1777,20200316,PA,76.0
1778,20200316,PR,5.0
1779,20200316,RI,21.0
1780,20200316,SC,28.0
1781,20200316,SD,10.0
1782,20200316,TN,52.0
1783,20200316,TX,57.0
1784,20200316,UT,39.0
1785,20200316,VA,51.0
1786,20200316,VI,1.0
1787,20200316,VT,8.0
1788,20200316,WA,1052.0
1789,20200316,WI,47.0
1790,20200316,WV,0.0
1791,20200316,WY,3.0
1792,20200315,AK,1.0
1793,20200315,AL,12.0
1794,20200315,AR,16.0
1795,20200315,AZ,12.0
1796,20200315,CA,293.0
1797,20200315,CO,131.0
1798,20200315,CT,20.0
1799,20200315,DC,16.0
1800,20200315,DE,6.0
1801,20200315,FL,116.0
1802,20200315,GA,99.0
1803,20200315,HI,2.0
1804,20200315,IA,18.0
1805,20200315,ID,5.0
1806,20200315,IL,64.0
1807,20200315,IN,19.0
1808,20200315,KS,8.0
1809,20200315,KY,16.0
1810,20200315,LA,91.0
1811,20200315,MA,138.0
1812,20200315,MD,31.0
1813,20200315,ME,3.0
1814,20200315,MI,1480.0
1815,20200315,MN,35.0
1816,20200315,MO,5.0
1817,20200315,MS,10.0
1818,20200315,MT,7.0
1819,20200315,NC,32.0
1820,20200315,ND,1.0
1821,20200315,NE,17.0
1822,20200315,NH,13.0
1823,20200315,NJ,98.0
1824,20200315,NM,13.0
1825,20200315,NV,21.0
1826,20200315,NY,729.0
1827,20200315,OH,36.0
1828,20200315,OK,9.0
1829,20200315,OR,36.0
1830,20200315,PA,63.0
1831,20200315,RI,20.0
1832,20200315,SC,19.0
1833,20200315,SD,9.0
1834,20200315,TN,39.0
1835,20200315,TX,56.0
1836,20200315,UT,28.0
1837,20200315,VA,45.0
1838,20200315,VT,4.0
1839,20200315,WA,924.0
1840,20200315,WI,33.0
1841,20200315,WV,0.0
1842,20200315,WY,3.0
1843,20200314,AK,1.0
1844,20200314,AL,6.0
1845,20200314,AR,12.0
1846,20200314,AZ,12.0
1847,20200314,CA,252.0
1848,20200314,CO,101.0
1849,20200314,CT,11.0
1850,20200314,DC,10.0
1851,20200314,DE,6.0
1852,20200314,FL,77.0
1853,20200314,GA,66.0
1854,20200314,HI,2.0
1855,20200314,IA,17.0
1856,20200314,ID,2.0
1857,20200314,IL,46.0
1858,20200314,IN,15.0
1859,20200314,KS,6.0
1860,20200314,KY,14.0
1861,20200314,LA,69.0
1862,20200314,MA,138.0
1863,20200314,MD,26.0
1864,20200314,ME,3.0
1865,20200314,MI,1196.0
1866,20200314,MN,21.0
1867,20200314,MO,4.0
1868,20200314,MS,6.0
1869,20200314,MT,5.0
1870,20200314,NC,23.0
1871,20200314,ND,1.0
1872,20200314,NE,14.0
1873,20200314,NH,7.0
1874,20200314,NJ,50.0
1875,20200314,NM,10.0
1876,20200314,NV,20.0
1877,20200314,NY,524.0
1878,20200314,OH,13.0
1879,20200314,OK,4.0
1880,20200314,OR,30.0
1881,20200314,PA,47.0
1882,20200314,RI,20.0
1883,20200314,SC,13.0
1884,20200314,SD,9.0
1885,20200314,TN,32.0
1886,20200314,TX,51.0
1887,20200314,UT,6.0
1888,20200314,VA,30.0
1889,20200314,VT,4.0
1890,20200314,WA,793.0
1891,20200314,WI,19.0
1892,20200314,WV,0.0
1893,20200314,WY,2.0
1894,20200313,AK,1.0
1895,20200313,AL,1.0
1896,20200313,AR,9.0
1897,20200313,AZ,9.0
1898,20200313,CA,202.0
1899,20200313,CO,72.0
1900,20200313,CT,6.0
1901,20200313,DC,10.0
1902,20200313,DE,4.0
1903,20200313,FL,50.0
1904,20200313,GA,42.0
1905,20200313,HI,2.0
1906,20200313,IA,16.0
1907,20200313,ID,0.0
1908,20200313,IL,32.0
1909,20200313,IN,12.0
1910,20200313,KS,6.0
1911,20200313,KY,11.0
1912,20200313,LA,36.0
1913,20200313,MA,123.0
1914,20200313,MD,17.0
1915,20200313,ME,3.0
1916,20200313,MI,945.0
1917,20200313,MN,14.0
1918,20200313,MO,2.0
1919,20200313,MS,4.0
1920,20200313,MT,1.0
1921,20200313,NC,15.0
1922,20200313,ND,1.0
1923,20200313,NE,13.0
1924,20200313,NH,6.0
1925,20200313,NJ,50.0
1926,20200313,NM,10.0
1927,20200313,NV,11.0
1928,20200313,NY,421.0
1929,20200313,OH,13.0
1930,20200313,OK,3.0
1931,20200313,OR,30.0
1932,20200313,PA,41.0
1933,20200313,RI,14.0
1934,20200313,SC,12.0
1935,20200313,SD,9.0
1936,20200313,TN,26.0
1937,20200313,TX,39.0
1938,20200313,UT,6.0
1939,20200313,VA,30.0
1940,20200313,VT,2.0
1941,20200313,WA,693.0
1942,20200313,WI,19.0
1943,20200313,WV,0.0
1944,20200313,WY,1.0
1945,20200312,AK,0.0
1946,20200312,AL,0.0
1947,20200312,AR,6.0
1948,20200312,AZ,9.0
1949,20200312,CA,202.0
1950,20200312,CO,45.0
1951,20200312,CT,6.0
1952,20200312,DC,10.0
1953,20200312,DE,4.0
1954,20200312,FL,32.0
1955,20200312,GA,31.0
1956,20200312,HI,2.0
1957,20200312,IA,14.0
1958,20200312,ID,0.0
1959,20200312,IL,25.0
1960,20200312,IN,12.0
1961,20200312,KS,4.0
1962,20200312,KY,8.0
1963,20200312,LA,14.0
1964,20200312,MA,95.0
1965,20200312,MD,12.0
1966,20200312,ME,1.0
1967,20200312,MI,702.0
1968,20200312,MN,9.0
1969,20200312,MO,1.0
1970,20200312,MS,1.0
1971,20200312,MT,1.0
1972,20200312,NC,12.0
1973,20200312,ND,1.0
1974,20200312,NE,10.0
1975,20200312,NH,6.0
1976,20200312,NJ,30.0
1977,20200312,NM,5.0
1978,20200312,NV,7.0
1979,20200312,NY,216.0
1980,20200312,OH,5.0
1981,20200312,OK,3.0
1982,20200312,OR,19.0
1983,20200312,PA,22.0
1984,20200312,RI,5.0
1985,20200312,SC,10.0
1986,20200312,SD,8.0
1987,20200312,TN,18.0
1988,20200312,TX,23.0
1989,20200312,UT,4.0
1990,20200312,VA,17.0
1991,20200312,VT,2.0
1992,20200312,WA,543.0
1993,20200312,WI,8.0
1994,20200312,WV,0.0
1995,20200312,WY,1.0
1996,20200311,AK,0.0
1997,20200311,AL,0.0
1998,20200311,AR,0.0
1999,20200311,AZ,9.0
2000,20200311,CA,157.0
2001,20200311,CO,28.0
2002,20200311,CT,3.0
2003,20200311,DC,5.0
2004,20200311,DE,1.0
2005,20200311,FL,28.0
2006,20200311,GA,22.0
2007,20200311,HI,2.0
2008,20200311,IA,13.0
2009,20200311,ID,0.0
2010,20200311,IL,19.0
2011,20200311,IN,10.0
2012,20200311,KS,1.0
2013,20200311,KY,8.0
2014,20200311,LA,6.0
2015,20200311,MA,92.0
2016,20200311,MD,9.0
2017,20200311,ME,0.0
2018,20200311,MI,497.0
2019,20200311,MN,5.0
2020,20200311,MO,1.0
2021,20200311,MS,0.0
2022,20200311,MT,0.0
2023,20200311,NC,7.0
2024,20200311,ND,0.0
2025,20200311,NE,5.0
2026,20200311,NH,4.0
2027,20200311,NJ,24.0
2028,20200311,NM,3.0
2029,20200311,NV,5.0
2030,20200311,NY,216.0
2031,20200311,OH,4.0
2032,20200311,OK,2.0
2033,20200311,OR,19.0
2034,20200311,PA,16.0
2035,20200311,RI,5.0
2036,20200311,SC,9.0
2037,20200311,SD,5.0
2038,20200311,TN,7.0
2039,20200311,TX,21.0
2040,20200311,UT,2.0
2041,20200311,VA,9.0
2042,20200311,VT,1.0
2043,20200311,WA,474.0
2044,20200311,WI,3.0
2045,20200311,WV,0.0
2046,20200311,WY,0.0
2047,20200310,AK,0.0
2048,20200310,AL,0.0
2049,20200310,AR,0.0
2050,20200310,AZ,6.0
2051,20200310,CA,133.0
2052,20200310,CO,12.0
2053,20200310,CT,2.0
2054,20200310,DC,5.0
2055,20200310,DE,0.0
2056,20200310,FL,19.0
2057,20200310,GA,17.0
2058,20200310,HI,2.0
2059,20200310,IA,8.0
2060,20200310,ID,0.0
2061,20200310,IL,19.0
2062,20200310,IN,6.0
2063,20200310,KS,1.0
2064,20200310,KY,6.0
2065,20200310,LA,1.0
2066,20200310,MA,92.0
2067,20200310,MD,6.0
2068,20200310,ME,0.0
2069,20200310,MI,358.0
2070,20200310,MN,3.0
2071,20200310,MO,1.0
2072,20200310,MS,0.0
2073,20200310,MT,0.0
2074,20200310,NC,7.0
2075,20200310,ND,0.0
2076,20200310,NE,3.0
2077,20200310,NH,4.0
2078,20200310,NJ,15.0
2079,20200310,NM,0.0
2080,20200310,NV,1.0
2081,20200310,NY,173.0
2082,20200310,OH,3.0
2083,20200310,OK,2.0
2084,20200310,OR,15.0
2085,20200310,PA,12.0
2086,20200310,RI,3.0
2087,20200310,SC,7.0
2088,20200310,SD,0.0
2089,20200310,TN,7.0
2090,20200310,TX,13.0
2091,20200310,UT,2.0
2092,20200310,VA,8.0
2093,20200310,VT,1.0
2094,20200310,WA,390.0
2095,20200310,WI,2.0
2096,20200310,WV,0.0
2097,20200310,WY,0.0
2098,20200309,AK,0.0
2099,20200309,AL,0.0
2100,20200309,AR,0.0
2101,20200309,AZ,5.0
2102,20200309,CA,114.0
2103,20200309,CO,9.0
2104,20200309,CT,1.0
2105,20200309,DC,1.0
2106,20200309,DE,0.0
2107,20200309,FL,18.0
2108,20200309,GA,12.0
2109,20200309,HI,2.0
2110,20200309,IA,3.0
2111,20200309,ID,0.0
2112,20200309,IL,7.0
2113,20200309,IN,2.0
2114,20200309,KS,1.0
2115,20200309,KY,4.0
2116,20200309,LA,1.0
2117,20200309,MA,41.0
2118,20200309,MD,5.0
2119,20200309,ME,0.0
2120,20200309,MI,254.0
2121,20200309,MN,2.0
2122,20200309,MO,1.0
2123,20200309,MS,0.0
2124,20200309,MT,0.0
2125,20200309,NC,2.0
2126,20200309,ND,0.0
2127,20200309,NE,3.0
2128,20200309,NH,4.0
2129,20200309,NJ,11.0
2130,20200309,NM,0.0
2131,20200309,NV,1.0
2132,20200309,NY,142.0
2133,20200309,OH,3.0
2134,20200309,OK,1.0
2135,20200309,OR,14.0
2136,20200309,PA,10.0
2137,20200309,RI,3.0
2138,20200309,SC,7.0
2139,20200309,SD,0.0
2140,20200309,TN,3.0
2141,20200309,TX,12.0
2142,20200309,UT,1.0
2143,20200309,VA,3.0
2144,20200309,VT,1.0
2145,20200309,WA,343.0
2146,20200309,WI,1.0
2147,20200309,WV,0.0
2148,20200309,WY,0.0
2149,20200308,AK,0.0
2150,20200308,AL,0.0
2151,20200308,AR,0.0
2152,20200308,AZ,5.0
2153,20200308,CA,88.0
2154,20200308,CO,8.0
2155,20200308,CT,1.0
2156,20200308,DC,1.0
2157,20200308,DE,0.0
2158,20200308,FL,17.0
2159,20200308,GA,7.0
2160,20200308,HI,1.0
2161,20200308,IA,0.0
2162,20200308,ID,0.0
2163,20200308,IL,6.0
2164,20200308,IN,2.0
2165,20200308,KS,1.0
2166,20200308,KY,1.0
2167,20200308,LA,0.0
2168,20200308,MA,13.0
2169,20200308,MD,3.0
2170,20200308,ME,0.0
2171,20200308,MI,168.0
2172,20200308,MN,1.0
2173,20200308,MO,1.0
2174,20200308,MS,0.0
2175,20200308,MT,0.0
2176,20200308,NC,2.0
2177,20200308,ND,0.0
2178,20200308,NE,1.0
2179,20200308,NH,4.0
2180,20200308,NJ,6.0
2181,20200308,NM,0.0
2182,20200308,NV,1.0
2183,20200308,NY,105.0
2184,20200308,OH,0.0
2185,20200308,OK,1.0
2186,20200308,OR,14.0
2187,20200308,PA,6.0
2188,20200308,RI,3.0
2189,20200308,SC,2.0
2190,20200308,SD,0.0
2191,20200308,TN,3.0
2192,20200308,TX,8.0
2193,20200308,UT,1.0
2194,20200308,VA,2.0
2195,20200308,VT,1.0
2196,20200308,WA,246.0
2197,20200308,WI,1.0
2198,20200308,WV,0.0
2199,20200308,WY,0.0
2200,20200307,AK,0.0
2201,20200307,AL,0.0
2202,20200307,AR,0.0
2203,20200307,AZ,5.0
2204,20200307,CA,69.0
2205,20200307,CO,8.0
2206,20200307,CT,0.0
2207,20200307,DC,0.0
2208,20200307,DE,0.0
2209,20200307,FL,14.0
2210,20200307,GA,6.0
2211,20200307,HI,1.0
2212,20200307,IA,0.0
2213,20200307,ID,0.0
2214,20200307,IL,6.0
2215,20200307,IN,1.0
2216,20200307,KS,0.0
2217,20200307,KY,1.0
2218,20200307,LA,0.0
2219,20200307,MA,13.0
2220,20200307,MD,3.0
2221,20200307,ME,0.0
2222,20200307,MI,128.0
2223,20200307,MN,1.0
2224,20200307,MO,0.0
2225,20200307,MS,0.0
2226,20200307,MT,0.0
2227,20200307,NC,2.0
2228,20200307,ND,0.0
2229,20200307,NE,1.0
2230,20200307,NH,2.0
2231,20200307,NJ,4.0
2232,20200307,NM,0.0
2233,20200307,NV,1.0
2234,20200307,NY,76.0
2235,20200307,OH,0.0
2236,20200307,OK,1.0
2237,20200307,OR,7.0
2238,20200307,PA,4.0
2239,20200307,RI,2.0
2240,20200307,SC,2.0
2241,20200307,SD,0.0
2242,20200307,TN,1.0
2243,20200307,TX,8.0
2244,20200307,UT,1.0
2245,20200307,VA,0.0
2246,20200307,VT,0.0
2247,20200307,WA,181.0
2248,20200307,WI,1.0
2249,20200307,WV,0.0
2250,20200307,WY,0.0
2251,20200306,AK,0.0
2252,20200306,AR,0.0
2253,20200306,AZ,3.0
2254,20200306,CA,60.0
2255,20200306,CO,2.0
2256,20200306,DC,0.0
2257,20200306,DE,0.0
2258,20200306,FL,9.0
2259,20200306,GA,2.0
2260,20200306,IA,0.0
2261,20200306,IL,5.0
2262,20200306,IN,1.0
2263,20200306,KS,0.0
2264,20200306,KY,0.0
2265,20200306,MA,8.0
2266,20200306,MD,3.0
2267,20200306,MI,98.0
2268,20200306,MN,0.0
2269,20200306,NC,2.0
2270,20200306,NE,0.0
2271,20200306,NH,2.0
2272,20200306,NJ,1.0
2273,20200306,NM,0.0
2274,20200306,NV,1.0
2275,20200306,NY,33.0
2276,20200306,OH,0.0
2277,20200306,OR,3.0
2278,20200306,PA,2.0
2279,20200306,RI,3.0
2280,20200306,SC,0.0
2281,20200306,TN,1.0
2282,20200306,TX,5.0
2283,20200306,VA,0.0
2284,20200306,VT,0.0
2285,20200306,WA,149.0
2286,20200306,WI,1.0
2287,20200306,WV,0.0
2288,20200305,AZ,2.0
2289,20200305,CA,53.0
2290,20200305,CO,0.0
2291,20200305,DC,0.0
2292,20200305,FL,9.0
2293,20200305,GA,2.0
2294,20200305,IL,5.0
2295,20200305,MA,2.0
2296,20200305,MD,0.0
2297,20200305,MI,72.0
2298,20200305,NC,1.0
2299,20200305,NE,0.0
2300,20200305,NH,2.0
2301,20200305,NJ,1.0
2302,20200305,NV,1.0
2303,20200305,NY,22.0
2304,20200305,OH,0.0
2305,20200305,OR,3.0
2306,20200305,RI,2.0
2307,20200305,SC,0.0
2308,20200305,TN,1.0
2309,20200305,TX,1.0
2310,20200305,VA,0.0
2311,20200305,WA,96.0
2312,20200305,WI,1.0
2313,20200304,AZ,2.0
2314,20200304,CA,53.0
2315,20200304,FL,2.0
2316,20200304,GA,2.0
2317,20200304,IL,4.0
2318,20200304,MA,2.0
2319,20200304,MI,52.0
2320,20200304,NC,1.0
2321,20200304,NH,2.0
2322,20200304,NY,6.0
2323,20200304,OR,3.0
2324,20200304,RI,2.0
2325,20200304,SC,0.0
2326,20200304,TX,1.0
2327,20200304,WA,76.0
2328,20200304,WI,1.0
2329,20200303,MI,34.0
2330,20200303,RI,2.0
2331,20200303,WA,58.0
2332,20200302,MI,18.0
2333,20200302,RI,1.0
2334,20200302,WA,34.0
2335,20200301,MI,9.0
2336,20200301,RI,1.0
2337,20200301,WA,30.0
2338,20200229,WA,18.0
2339,20200228,WA,9.0
